race_id,開催地,レース,荒れ度,判定,荒れクラス,BET期待値,BET判定,BETクラス,BET理由,シミュレーション回数,本命,本命AREru指数,シミュレーション勝率,シミュレーション3着内率,AI適正オッズ,本命理由,人気馬危険,危険度,危険理由,印データ,推奨券種,馬券戦略理由,ワイド評価,ワイド判定,ワイド買い目,ワイド圧縮,馬連評価,馬連判定,馬連買い目,馬連圧縮,三連複評価,三連複判定,三連複買い目,三連複圧縮,合成オッズ,期待回収率,データ頭数,買い期待度基礎値,勝負ランク,ワイド合成オッズ,ワイド期待回収率,馬連合成オッズ,馬連期待回収率,三連複合成オッズ,三連複期待回収率
202602011001,函館,1,58.3,注意,caution,60.3,見送り,skip,軸候補の3着内率が高い / 相手候補に上位進出余地,20000,ビタミンドロップ,67.9,23.2,56.9,4.3,ダ適性 / 函館実績 / 距離適性 / 頭数減経験,スプリングドリーム,100.0,近走評価と人気履歴のズレを検出,"[{""印"": ""○"", ""馬名"": ""サンライズロイ"", ""3着内率"": 53.4, ""理由"": ""阪神実績 / 距離適性 / 安定感""}, {""印"": ""▲"", ""馬名"": ""ホワイトラバーズ"", ""3着内率"": 28.4, ""理由"": ""函館実績 / 前走人気以上 / 人気以上に走る傾向 / 近走上向き""}, {""印"": ""△"", ""馬名"": ""アジーザム"", ""3着内率"": 22.8, ""理由"": ""頭数減経験 / 前走人気以上 / 人気以上に走る傾向 / 近走上向き""}, {""印"": ""☆"", ""馬名"": ""スイーヴル"", ""3着内率"": 55.6, ""理由"": ""函館実績 / 距離適性 / 安定感""}]",ワイド,"ワイド型。20,000回の仮想レースで組み合わせ同時好走率を比較し、78候補から上位3点へ圧縮。",78.8,買い候補,ビタミンドロップ － スイーヴル（仮想的中 27.4%）｜ビタミンドロップ － サンライズロイ（仮想的中 26.7%）｜スイーヴル － サンライズロイ（仮想的中 25.7%）,78候補から上位3点へ圧縮,49.1,見送り,ビタミンドロップ － スイーヴル（仮想的中 10.7%）｜ビタミンドロップ － サンライズロイ（仮想的中 9.8%）,78候補から上位2点へ圧縮,41.1,見送り,ビタミンドロップ － スイーヴル － サンライズロイ（仮想的中 9.9%）｜ビタミンドロップ － スイーヴル － マーゴットオネイロ（仮想的中 4.9%）｜ビタミンドロップ － サンライズロイ － マーゴットオネイロ（仮想的中 4.8%）｜スイーヴル － サンライズロイ － マーゴットオネイロ（仮想的中 4.6%）｜ビタミンドロップ － スイーヴル － ホワイトラバーズ（仮想的中 3.7%）｜ビタミンドロップ － サンライズロイ － ホワイトラバーズ（仮想的中 3.7%）,286候補から上位6点へ圧縮,ワイド 37.1倍,990.0%,13,82.0,C,37.1,990.0,414.5,4080.4,526.8,2517.8
202602011002,函館,2,68.0,波乱,wave,64.9,見送り,skip,軸候補の3着内率が高い / 相手候補に上位進出余地 / 波乱シグナル,20000,アルケミラモリス,60.26,23.0,56.4,4.3,函館実績 / 前走人気以上 / 人気以上に走る傾向 / 過小評価傾向,プリュイドール,85.5,近走評価と人気履歴のズレを検出,"[{""印"": ""○"", ""馬名"": ""サウンドファミリエ"", ""3着内率"": 55.3, ""理由"": ""前走人気以上 / 人気以上に走る傾向 / 過小評価傾向""}, {""印"": ""▲"", ""馬名"": ""ベネディクション"", ""3着内率"": 52.4, ""理由"": ""函館実績 / 前走人気以上 / 近走上向き""}, {""印"": ""△"", ""馬名"": ""ダンツアラーム"", ""3着内率"": 33.5, ""理由"": ""函館実績 / 前走人気以上 / 人気以上に走る傾向""}, {""印"": ""☆"", ""馬名"": ""ボーントゥラブユー"", ""3着内率"": 32.2, ""理由"": ""函館実績""}]",ワイド,"ワイド型。20,000回の仮想レースで組み合わせ同時好走率を比較し、91候補から上位3点へ圧縮。",77.2,買い候補,アルケミラモリス － サウンドファミリエ（仮想的中 27.2%）｜アルケミラモリス － ベネディクション（仮想的中 25.7%）｜サウンドファミリエ － ベネディクション（仮想的中 24.9%）,91候補から上位3点へ圧縮,52.9,見送り,アルケミラモリス － サウンドファミリエ（仮想的中 12.3%）｜サウンドファミリエ － ベネディクション（仮想的中 10.7%）,91候補から上位2点へ圧縮,43.0,見送り,アルケミラモリス － サウンドファミリエ － ベネディクション（仮想的中 9.3%）｜アルケミラモリス － サウンドファミリエ － ダンツアラーム（仮想的中 4.9%）｜アルケミラモリス － サウンドファミリエ － ボーントゥラブユー（仮想的中 4.5%）｜アルケミラモリス － ベネディクション － ダンツアラーム（仮想的中 4.3%）｜サウンドファミリエ － ベネディクション － ダンツアラーム（仮想的中 4.1%）｜アルケミラモリス － ベネディクション － ボーントゥラブユー（仮想的中 4.0%）,364候補から上位6点へ圧縮,ワイド 79.2倍,2028.5%,14,83.3,C,79.2,2028.5,389.4,4270.0,5049.4,23727.6
202602011003,函館,3,63.9,波乱,wave,63.3,見送り,skip,軸候補の3着内率が高い / 相手候補に上位進出余地 / 波乱シグナル,20000,ビンバラ,64.96,23.7,55.3,4.2,ダ適性 / 東京実績 / 距離適性 / 前走人気以上,サクセスゴールド,92.3,近走評価と人気履歴のズレを検出,"[{""印"": ""○"", ""馬名"": ""ハイテイラオユエ"", ""3着内率"": 53.1, ""理由"": ""東京実績 / 距離適性 / 前走人気以上 / 人気以上に走る傾向""}, {""印"": ""▲"", ""馬名"": ""ロスニーニョス"", ""3着内率"": 33.7, ""理由"": ""ダ適性 / 頭数減経験 / 人気以上に走る傾向 / 過小評価傾向""}, {""印"": ""△"", ""馬名"": ""コサージュ"", ""3着内率"": 33.9, ""理由"": ""函館実績 / 距離適性 / 頭数減経験""}, {""印"": ""☆"", ""馬名"": ""ジャストアダッシュ"", ""3着内率"": 25.4, ""理由"": ""総合評価""}]",ワイド,"ワイド型。20,000回の仮想レースで組み合わせ同時好走率を比較し、105候補から上位3点へ圧縮。",62.9,条件付き,ビンバラ － ハイテイラオユエ（仮想的中 26.0%）｜ビンバラ － コサージュ（仮想的中 15.8%）｜ビンバラ － ロスニーニョス（仮想的中 15.3%）,105候補から上位3点へ圧縮,44.7,見送り,ビンバラ － ハイテイラオユエ（仮想的中 11.3%）｜ビンバラ － コサージュ（仮想的中 5.9%）,105候補から上位2点へ圧縮,34.0,見送り,ビンバラ － ハイテイラオユエ － コサージュ（仮想的中 5.0%）｜ビンバラ － ハイテイラオユエ － ロスニーニョス（仮想的中 4.9%）｜ビンバラ － ハイテイラオユエ － ホウオウロレンシア（仮想的中 3.7%）｜ビンバラ － ハイテイラオユエ － ジャストアダッシュ（仮想的中 3.5%）｜ビンバラ － コサージュ － ロスニーニョス（仮想的中 2.6%）｜ハイテイラオユエ － コサージュ － ロスニーニョス（仮想的中 2.2%）,455候補から上位6点へ圧縮,ワイド 35.8倍,796.4%,15,82.7,C,35.8,796.4,150.1,1404.0,769.2,3005.6
202602011004,函館,4,54.6,注意,caution,98.0,今日の勝負,battle,軸候補の3着内率が高い / 相手候補に上位進出余地,20000,ヴィラジョヴィス,67.0,28.8,69.4,3.5,芝適性 / 距離適性 / 頭数減経験 / 前走人気以上,アグアフレスカ,99.4,近走評価と人気履歴のズレを検出,"[{""印"": ""○"", ""馬名"": ""テンバコウクウ"", ""3着内率"": 28.3, ""理由"": ""頭数減経験 / 人気以上に走る傾向 / 過小評価傾向""}, {""印"": ""▲"", ""馬名"": ""タケルフォーカス"", ""3着内率"": 48.7, ""理由"": ""芝適性 / 阪神実績 / 安定感""}, {""印"": ""△"", ""馬名"": ""ハルノアメ"", ""3着内率"": 53.6, ""理由"": ""函館実績 / 人気以上に走る傾向""}, {""印"": ""☆"", ""馬名"": ""ラッキーシグネチャ"", ""3着内率"": 24.3, ""理由"": ""前走人気以上 / 人気以上に走る傾向 / 近走上向き / 過小評価傾向""}]",ワイド,"ワイド型。20,000回の仮想レースで組み合わせ同時好走率を比較し、136候補から上位3点へ圧縮。",88.8,買い候補,ヴィラジョヴィス － ハルノアメ（仮想的中 34.2%）｜ヴィラジョヴィス － タケルフォーカス（仮想的中 30.5%）｜ハルノアメ － タケルフォーカス（仮想的中 21.9%）,136候補から上位3点へ圧縮,62.9,条件付き,ヴィラジョヴィス － ハルノアメ（仮想的中 14.4%）｜ヴィラジョヴィス － タケルフォーカス（仮想的中 12.1%）,136候補から上位2点へ圧縮,41.2,見送り,ヴィラジョヴィス － ハルノアメ － タケルフォーカス（仮想的中 11.3%）｜ヴィラジョヴィス － ハルノアメ － テンバコウクウ（仮想的中 5.4%）｜ヴィラジョヴィス － ハルノアメ － ラッキーシグネチャ（仮想的中 4.4%）｜ヴィラジョヴィス － タケルフォーカス － テンバコウクウ（仮想的中 4.3%）｜ヴィラジョヴィス － ハルノアメ － ダディーズソード（仮想的中 4.0%）｜ヴィラジョヴィス － タケルフォーカス － ラッキーシグネチャ（仮想的中 3.7%）,680候補から上位6点へ圧縮,ワイド 172.7倍,5267.6%,17,100.0,S,172.7,5267.6,970.8,13783.1,4344.2,25512.8
202602011005,函館,5,89.6,大荒れ警戒,storm,40.1,見送り,skip,相手候補に上位進出余地 / 波乱シグナル / 軸が絞りにくい / 買い条件不足,20000,ニーナラルゴ,36.0,9.2,27.6,10.9,履歴少,ジオ,55.2,近走評価と人気履歴のズレを検出,"[{""印"": ""○"", ""馬名"": ""アオイノリプー"", ""3着内率"": 27.6, ""理由"": ""履歴少""}, {""印"": ""▲"", ""馬名"": ""アルデシンザン"", ""3着内率"": 27.5, ""理由"": ""履歴少""}, {""印"": ""△"", ""馬名"": ""ジオ"", ""3着内率"": 27.4, ""理由"": ""履歴少""}, {""印"": ""☆"", ""馬名"": ""トルネードサンダー"", ""3着内率"": 27.3, ""理由"": ""履歴少""}]",三連複,"三連複型。20,000回の仮想レースで組み合わせ同時好走率を比較し、165候補から上位6点へ圧縮。",24.0,見送り,アオイノリプー － アルデシンザン（仮想的中 5.9%）｜トムクリオーザ － ブラッグス（仮想的中 5.8%）｜アルデシンザン － ニーナラルゴ（仮想的中 5.7%）,55候補から上位3点へ圧縮,13.4,見送り,アルデシンザン － ニーナラルゴ（仮想的中 2.0%）｜トルネードサンダー － イッペイ（仮想的中 2.0%）,55候補から上位2点へ圧縮,25.9,見送り,リラカリス － ニーナラルゴ － ジオ（仮想的中 0.8%）｜トルネードサンダー － リラカリス － ジオ（仮想的中 0.8%）｜デアグランツ － アオイノリプー － アルデシンザン（仮想的中 0.7%）｜トルネードサンダー － イッペイ － ジオ（仮想的中 0.7%）｜ジオ － アオイノリプー － ニーナラルゴ（仮想的中 0.7%）｜ジオ － デアグランツ － ジオ（仮想的中 0.7%）,165候補から上位6点へ圧縮,三連複 170.7倍,122.9%,11,35.6,C,24.1,139.7,156.6,313.3,170.7,122.9
202602011006,函館,6,44.5,注意,caution,96.5,今日の勝負,battle,軸候補の3着内率が高い / 相手候補に上位進出余地,20000,ミルトメロディー,69.93,28.5,75.2,3.5,芝適性 / 函館実績 / 距離適性 / 人気以上に走る傾向,フォルストランキル,100.0,近走評価と人気履歴のズレを検出,"[{""印"": ""○"", ""馬名"": ""ルージュフィーリア"", ""3着内率"": 50.7, ""理由"": ""総合評価""}, {""印"": ""▲"", ""馬名"": ""ルーチェコメット"", ""3着内率"": 16.9, ""理由"": ""人気以上に走る傾向 / 近走上向き""}, {""印"": ""△"", ""馬名"": ""フォークスアップ"", ""3着内率"": 13.2, ""理由"": ""前走人気以上 / 人気以上に走る傾向 / 近走上向き""}, {""印"": ""☆"", ""馬名"": ""ハネマン"", ""3着内率"": 14.1, ""理由"": ""クラス条件好転 / 前走人気以上 / 人気以上に走る傾向 / 近走上向き""}]",ワイド,"ワイド型。20,000回の仮想レースで組み合わせ同時好走率を比較し、136候補から上位3点へ圧縮。",100.0,買い候補,ミルトメロディー － ミルトメロディー（仮想的中 54.7%）｜ミルトメロディー － ルージュフィーリア（仮想的中 34.6%）｜ミルトメロディー － ルージュフィーリア（仮想的中 34.5%）,136候補から上位3点へ圧縮,80.4,買い候補,ミルトメロディー － ミルトメロディー（仮想的中 25.0%）｜ミルトメロディー － ルージュフィーリア（仮想的中 13.4%）,136候補から上位2点へ圧縮,100.0,買い候補,ミルトメロディー － ミルトメロディー － ルージュフィーリア（仮想的中 21.8%）,680候補から上位1点へ圧縮,ワイド 39.2倍,1354.4%,17,100.0,S,39.2,1354.4,227.8,3052.5,,
202602011007,函館,7,25.9,平穏,calm,95.0,買い候補,target,軸候補の3着内率が高い / 相手候補に上位進出余地,20000,コイタマチャン,74.28,54.0,91.9,1.9,ダ適性 / 距離適性 / 頭数減経験 / 安定感,ヒミノエトワール,93.2,近走評価と人気履歴のズレを検出,"[{""印"": ""○"", ""馬名"": ""マリブサーフ"", ""3着内率"": 75.8, ""理由"": ""ダ適性 / 距離適性 / 頭数減経験 / 近走上向き""}, {""印"": ""▲"", ""馬名"": ""アリストクラシア"", ""3着内率"": 50.4, ""理由"": ""ダ適性 / 距離適性 / 頭数減経験 / 安定感""}, {""印"": ""△"", ""馬名"": ""リピース"", ""3着内率"": 10.2, ""理由"": ""距離適性 / 頭数減経験""}, {""印"": ""☆"", ""馬名"": ""デルマサクラサク"", ""3着内率"": 24.9, ""理由"": ""ダ適性 / 京都実績 / 距離適性""}]",ワイド,"ワイド型。20,000回の仮想レースで組み合わせ同時好走率を比較し、45候補から上位3点へ圧縮。",100.0,買い候補,コイタマチャン － マリブサーフ（仮想的中 68.6%）｜コイタマチャン － アリストクラシア（仮想的中 45.0%）｜マリブサーフ － アリストクラシア（仮想的中 34.4%）,45候補から上位3点へ圧縮,100.0,買い候補,コイタマチャン － マリブサーフ（仮想的中 40.5%）｜コイタマチャン － アリストクラシア（仮想的中 15.8%）,45候補から上位2点へ圧縮,100.0,買い候補,コイタマチャン － マリブサーフ － アリストクラシア（仮想的中 29.8%）｜コイタマチャン － マリブサーフ － デルマサクラサク（仮想的中 12.1%）,120候補から上位2点へ圧縮,ワイド 33.6倍,1831.1%,10,100.0,A,33.6,1831.1,225.8,6077.6,206.8,4571.4
202602011008,函館,8,67.8,波乱,wave,51.3,見送り,skip,軸候補の3着内率が高い / 相手候補に上位進出余地 / 波乱シグナル,20000,ハイドパーク,65.87,18.8,52.7,5.3,頭数減経験 / 前走人気以上 / 近走上向き / 安定感,シドニーホバート,90.7,近走評価と人気履歴のズレを検出,"[{""印"": ""○"", ""馬名"": ""シーリュウシー"", ""3着内率"": 52.6, ""理由"": ""京都実績 / 距離適性 / 頭数減経験 / 前走人気以上""}, {""印"": ""▲"", ""馬名"": ""ブレイクザアイス"", ""3着内率"": 32.7, ""理由"": ""頭数減経験 / 前走人気以上 / 人気以上に走る傾向 / 過小評価傾向""}, {""印"": ""△"", ""馬名"": ""ブレイクザアイス"", ""3着内率"": 32.4, ""理由"": ""頭数減経験 / 前走人気以上 / 人気以上に走る傾向 / 過小評価傾向""}, {""印"": ""☆"", ""馬名"": ""サトノリアン"", ""3着内率"": 34.9, ""理由"": ""ダ適性 / 距離適性 / 前走人気以上 / 人気以上に走る傾向""}]",ワイド,"ワイド型。20,000回の仮想レースで組み合わせ同時好走率を比較し、66候補から上位3点へ圧縮。",59.9,条件付き,ハイドパーク － シーリュウシー（仮想的中 24.3%）｜シーリュウシー － サトノリアン（仮想的中 14.9%）｜ハイドパーク － サトノリアン（仮想的中 14.9%）,66候補から上位3点へ圧縮,37.5,見送り,ハイドパーク － シーリュウシー（仮想的中 9.6%）｜シーリュウシー － サトノリアン（仮想的中 5.4%）,66候補から上位2点へ圧縮,35.4,見送り,ハイドパーク － シーリュウシー － サトノリアン（仮想的中 4.8%）｜ハイドパーク － シーリュウシー － ブレイクザアイス（仮想的中 4.3%）｜ハイドパーク － シーリュウシー － ブレイクザアイス（仮想的中 3.9%）｜ハイドパーク － シーリュウシー － ディースプレマシー（仮想的中 3.6%）｜ハイドパーク － シーリュウシー － ダイシンレアレア（仮想的中 3.0%）｜ハイドパーク － シーリュウシー － シャローファースト（仮想的中 2.8%）,220候補から上位6点へ圧縮,ワイド 38.8倍,668.0%,12,68.4,C,38.8,668.0,267.6,1697.1,377.0,1487.1
202602011009,函館,9,54.4,注意,caution,58.6,見送り,skip,軸候補の3着内率が高い / 相手候補に上位進出余地,20000,コッツォリーノ,66.35,25.0,60.1,4.0,芝適性 / 距離適性 / 近走上向き / 安定感,マイネルフーガ,81.0,近走評価と人気履歴のズレを検出,"[{""印"": ""○"", ""馬名"": ""ラブリーリディア"", ""3着内率"": 41.4, ""理由"": ""函館実績 / 距離適性 / 頭数減経験 / 前走人気以上""}, {""印"": ""▲"", ""馬名"": ""レイヤードレッド"", ""3着内率"": 26.7, ""理由"": ""距離適性 / 頭数減経験""}, {""印"": ""△"", ""馬名"": ""フォルテフィオーレ"", ""3着内率"": 33.8, ""理由"": ""芝適性 / 距離適性 / 安定感""}, {""印"": ""☆"", ""馬名"": ""エリム"", ""3着内率"": 6.0, ""理由"": ""人気以上に走る傾向 / 過小評価傾向""}]",ワイド,"ワイド型。20,000回の仮想レースで組み合わせ同時好走率を比較し、105候補から上位3点へ圧縮。",62.4,条件付き,コッツォリーノ － ラブリーリディア（仮想的中 21.8%）｜コッツォリーノ － フォルテフィオーレ（仮想的中 17.5%）｜コッツォリーノ － バルティカ（仮想的中 13.8%）,105候補から上位3点へ圧縮,43.4,見送り,コッツォリーノ － ラブリーリディア（仮想的中 9.2%）｜コッツォリーノ － フォルテフィオーレ（仮想的中 6.3%）,105候補から上位2点へ圧縮,28.6,見送り,コッツォリーノ － ラブリーリディア － フォルテフィオーレ（仮想的中 4.2%）｜コッツォリーノ － ラブリーリディア － バルティカ（仮想的中 3.2%）｜コッツォリーノ － ラブリーリディア － ロードマンハイム（仮想的中 3.0%）｜コッツォリーノ － ラブリーリディア － レイヤードレッド（仮想的中 2.9%）｜コッツォリーノ － フォルテフィオーレ － ロードマンハイム（仮想的中 2.5%）｜コッツォリーノ － フォルテフィオーレ － バルティカ（仮想的中 2.3%）,455候補から上位6点へ圧縮,券種別オッズ待ち,オッズ接続後に算出,15,79.9,C,,,,,,
202602011010,函館,10,46.3,注意,caution,68.4,見送り,skip,軸候補の3着内率が高い / 相手候補に上位進出余地,20000,エコロレバン,75.1,33.6,71.2,3.0,ダ適性 / 距離適性 / 前走人気以上 / 安定感,ルイステソーロ,79.6,近走評価と人気履歴のズレを検出,"[{""印"": ""○"", ""馬名"": ""カネコメブライト"", ""3着内率"": 35.7, ""理由"": ""ダ適性 / 阪神実績 / 距離適性 / 安定感""}, {""印"": ""▲"", ""馬名"": ""カネコメブライト"", ""3着内率"": 35.7, ""理由"": ""ダ適性 / 阪神実績 / 距離適性 / 安定感""}, {""印"": ""△"", ""馬名"": ""デアプリームス"", ""3着内率"": 52.4, ""理由"": ""ダ適性 / 距離適性 / 頭数減経験 / 近走上向き""}, {""印"": ""☆"", ""馬名"": ""サベージラヴ"", ""3着内率"": 4.2, ""理由"": ""ダ適性 / 距離適性 / 安定感""}]",ワイド,"ワイド型。20,000回の仮想レースで組み合わせ同時好走率を比較し、78候補から上位3点へ圧縮。",84.8,買い候補,エコロレバン － デアプリームス（仮想的中 34.1%）｜エコロレバン － カネコメブライト（仮想的中 22.6%）｜エコロレバン － カネコメブライト（仮想的中 22.4%）,78候補から上位3点へ圧縮,63.8,条件付き,エコロレバン － デアプリームス（仮想的中 15.9%）｜エコロレバン － カネコメブライト（仮想的中 8.7%）,78候補から上位2点へ圧縮,39.6,見送り,エコロレバン － デアプリームス － カネコメブライト（仮想的中 7.3%）｜エコロレバン － デアプリームス － カネコメブライト（仮想的中 7.2%）｜エコロレバン － デアプリームス － マメタンク（仮想的中 6.2%）｜エコロレバン － デアプリームス － ヒットミー（仮想的中 4.4%）｜エコロレバン － デアプリームス － クロナ（仮想的中 4.3%）｜エコロレバン － カネコメブライト － カネコメブライト（仮想的中 4.3%）,286候補から上位6点へ圧縮,券種別オッズ待ち,オッズ接続後に算出,13,88.2,C,,,,,,
202602011011,函館,11,53.5,注意,caution,73.6,見送り,skip,軸候補の3着内率が高い / 相手候補に上位進出余地,20000,タシット,64.92,30.8,66.1,3.2,頭数減経験 / 前走人気以上 / 人気以上に走る傾向 / 近走上向き,エラトー,86.8,近走評価と人気履歴のズレを検出,"[{""印"": ""○"", ""馬名"": ""パトリックハンサム"", ""3着内率"": 64.8, ""理由"": ""札幌実績 / 前走人気以上 / 人気以上に走る傾向 / 近走上向き""}, {""印"": ""▲"", ""馬名"": ""シルトホルン"", ""3着内率"": 43.6, ""理由"": ""距離適性""}, {""印"": ""△"", ""馬名"": ""キョウエイブリッサ"", ""3着内率"": 22.8, ""理由"": ""前走人気以上""}, {""印"": ""☆"", ""馬名"": ""リラボニート"", ""3着内率"": 23.0, ""理由"": ""芝適性 / 距離適性""}]",ワイド,"ワイド型。20,000回の仮想レースで組み合わせ同時好走率を比較し、105候補から上位3点へ圧縮。",89.4,買い候補,タシット － パトリックハンサム（仮想的中 39.6%）｜タシット － シルトホルン（仮想的中 25.2%）｜パトリックハンサム － シルトホルン（仮想的中 24.7%）,105候補から上位3点へ圧縮,70.5,買い候補,タシット － パトリックハンサム（仮想的中 21.2%）｜タシット － シルトホルン（仮想的中 9.5%）,105候補から上位2点へ圧縮,45.9,見送り,タシット － パトリックハンサム － シルトホルン（仮想的中 11.9%）｜タシット － パトリックハンサム － レディネス（仮想的中 5.4%）｜タシット － パトリックハンサム － キョウエイブリッサ（仮想的中 5.2%）｜タシット － パトリックハンサム － リラボニート（仮想的中 5.2%）｜タシット － パトリックハンサム － ストレイトトーカー（仮想的中 4.7%）,455候補から上位5点へ圧縮,ワイド 153.7倍,4934.2%,15,94.3,C,153.7,4934.2,1199.2,18027.6,6244.6,44426.6
202602011012,函館,12,42.1,注意,caution,93.5,買い候補,target,軸候補の3着内率が高い / 相手候補に上位進出余地,20000,ハッピーラッキー,63.85,31.5,83.8,3.2,芝適性 / 距離適性 / 安定感,サンポーニャ,100.0,近走評価と人気履歴のズレを検出,"[{""印"": ""○"", ""馬名"": ""シャルトル"", ""3着内率"": 79.3, ""理由"": ""芝適性 / 東京実績 / 距離適性 / 前走人気以上""}, {""印"": ""▲"", ""馬名"": ""ダブルチャレンジ"", ""3着内率"": 61.9, ""理由"": ""芝適性 / 距離適性 / 頭数減経験 / 安定感""}, {""印"": ""△"", ""馬名"": ""マインセーラ"", ""3着内率"": 36.5, ""理由"": ""頭数減経験""}, {""印"": ""☆"", ""馬名"": ""ココソラーレ"", ""3着内率"": 21.8, ""理由"": ""頭数減経験 / 前走人気以上 / 近走上向き""}]",ワイド,"ワイド型。20,000回の仮想レースで組み合わせ同時好走率を比較し、36候補から上位3点へ圧縮。",100.0,買い候補,ハッピーラッキー － シャルトル（仮想的中 64.8%）｜ハッピーラッキー － ダブルチャレンジ（仮想的中 48.9%）｜シャルトル － ダブルチャレンジ（仮想的中 45.5%）,36候補から上位3点へ圧縮,96.0,買い候補,ハッピーラッキー － シャルトル（仮想的中 31.4%）｜ハッピーラッキー － ダブルチャレンジ（仮想的中 15.7%）,36候補から上位2点へ圧縮,100.0,買い候補,ハッピーラッキー － シャルトル － ダブルチャレンジ（仮想的中 34.1%）｜ハッピーラッキー － シャルトル － マインセーラ（仮想的中 15.8%）,84候補から上位2点へ圧縮,ワイド 4.1倍,223.0%,9,100.0,A,4.1,223.0,18.9,442.7,42.5,939.5
202610020601,小倉,1,37.6,平穏,calm,92.1,買い候補,target,軸候補の3着内率が高い / 相手候補に上位進出余地,20000,ベルセクレト,71.69,50.0,80.5,2.0,前走人気以上 / 人気以上に走る傾向 / 過小評価傾向,テンタイムトップ,100.0,近走評価と人気履歴のズレを検出,"[{""印"": ""○"", ""馬名"": ""フルフィルメント"", ""3着内率"": 45.5, ""理由"": ""人気以上に走る傾向 / 過小評価傾向""}, {""印"": ""▲"", ""馬名"": ""ドゥボヌール"", ""3着内率"": 20.0, ""理由"": ""総合評価""}, {""印"": ""△"", ""馬名"": ""マルモズイルバア"", ""3着内率"": 14.8, ""理由"": ""近走上向き""}, {""印"": ""☆"", ""馬名"": ""ハクサンテドリガワ"", ""3着内率"": 17.4, ""理由"": ""総合評価""}]",ワイド,"ワイド型。20,000回の仮想レースで組み合わせ同時好走率を比較し、153候補から上位3点へ圧縮。",83.8,買い候補,ベルセクレト － フルフィルメント（仮想的中 34.7%）｜ベルセクレト － ホーリーステップ（仮想的中 20.0%）｜ベルセクレト － ロージーキャンドル（仮想的中 16.7%）,153候補から上位3点へ圧縮,79.6,買い候補,ベルセクレト － フルフィルメント（仮想的中 18.0%）｜ベルセクレト － ホーリーステップ（仮想的中 8.4%）,153候補から上位2点へ圧縮,29.4,見送り,ベルセクレト － フルフィルメント － ホーリーステップ（仮想的中 5.9%）｜ベルセクレト － フルフィルメント － ロージーキャンドル（仮想的中 4.7%）｜ベルセクレト － フルフィルメント － ドゥボヌール（仮想的中 4.0%）｜ベルセクレト － フルフィルメント － ハクサンテドリガワ（仮想的中 3.4%）｜ベルセクレト － フルフィルメント － ティグリス（仮想的中 3.2%）｜ベルセクレト － フルフィルメント － マルモズイルバア（仮想的中 3.0%）,816候補から上位6点へ圧縮,ワイド 370.4倍,6685.7%,18,100.0,A,370.4,6685.7,460.8,4679.6,3522.7,14383.7
202610020602,小倉,2,50.4,注意,caution,78.5,見送り,skip,軸候補の3着内率が高い / 相手候補に上位進出余地,20000,タガノプディング,69.7,34.4,75.0,2.9,ダ適性 / 阪神実績 / 距離適性 / 安定感,シュタルク,97.6,近走評価と人気履歴のズレを検出,"[{""印"": ""○"", ""馬名"": ""ペコリズム"", ""3着内率"": 32.9, ""理由"": ""阪神実績 / 距離適性 / 前走人気以上 / 人気以上に走る傾向""}, {""印"": ""▲"", ""馬名"": ""キタノプレミアム"", ""3着内率"": 41.6, ""理由"": ""ダ適性 / 新潟実績 / 距離適性 / 頭数減経験""}, {""印"": ""△"", ""馬名"": ""ゼンノトヨタマヒメ"", ""3着内率"": 14.8, ""理由"": ""前走人気以上""}, {""印"": ""☆"", ""馬名"": ""ゼンノトヨタマヒメ"", ""3着内率"": 14.6, ""理由"": ""前走人気以上""}]",ワイド,"ワイド型。20,000回の仮想レースで組み合わせ同時好走率を比較し、105候補から上位3点へ圧縮。",83.9,買い候補,タガノプディング － キタノプレミアム（仮想的中 28.4%）｜タガノプディング － クロカミジョウ（仮想的中 24.8%）｜タガノプディング － ペコリズム（仮想的中 22.1%）,105候補から上位3点へ圧縮,60.6,条件付き,タガノプディング － キタノプレミアム（仮想的中 12.6%）｜タガノプディング － クロカミジョウ（仮想的中 9.4%）,105候補から上位2点へ圧縮,35.1,見送り,タガノプディング － キタノプレミアム － クロカミジョウ（仮想的中 6.3%）｜タガノプディング － キタノプレミアム － ペコリズム（仮想的中 5.2%）｜タガノプディング － クロカミジョウ － ペコリズム（仮想的中 4.6%）｜タガノプディング － キタノプレミアム － キャッチアシーフ（仮想的中 4.0%）｜タガノプディング － キタノプレミアム － ナブッコ（仮想的中 3.8%）｜タガノプディング － クロカミジョウ － ナブッコ（仮想的中 3.4%）,455候補から上位6点へ圧縮,ワイド 93.3倍,2112.9%,15,98.8,C,93.3,2112.9,68.6,836.4,1648.7,7385.0
202610020603,小倉,3,67.2,波乱,wave,53.0,見送り,skip,軸候補の3着内率が高い / 相手候補に上位進出余地 / 波乱シグナル,20000,ブルーザー,63.19,17.5,50.1,5.7,芝適性 / 距離適性 / 近走上向き / 安定感,ウインビスタ,82.6,近走評価と人気履歴のズレを検出,"[{""印"": ""○"", ""馬名"": ""キービート"", ""3着内率"": 26.3, ""理由"": ""人気以上に走る傾向 / 過小評価傾向""}, {""印"": ""▲"", ""馬名"": ""グレイイメル"", ""3着内率"": 29.5, ""理由"": ""クラス条件好転 / 前走人気以上 / 人気以上に走る傾向 / 近走上向き""}, {""印"": ""△"", ""馬名"": ""グレイイメル"", ""3着内率"": 28.9, ""理由"": ""クラス条件好転 / 前走人気以上 / 人気以上に走る傾向 / 近走上向き""}, {""印"": ""☆"", ""馬名"": ""ジュンヴァッテッド"", ""3着内率"": 12.4, ""理由"": ""前走人気以上 / 人気以上に走る傾向 / 過小評価傾向""}]",ワイド,"ワイド型。20,000回の仮想レースで組み合わせ同時好走率を比較し、120候補から上位3点へ圧縮。",52.5,見送り,ブルーザー － チェファルー（仮想的中 17.1%）｜ブルーザー － ラルヴァンダード（仮想的中 15.7%）｜チェファルー － ラルヴァンダード（仮想的中 12.1%）,120候補から上位3点へ圧縮,31.7,見送り,ブルーザー － チェファルー（仮想的中 6.1%）｜ブルーザー － ラルヴァンダード（仮想的中 5.7%）,120候補から上位2点へ圧縮,29.3,見送り,ブルーザー － チェファルー － ラルヴァンダード（仮想的中 3.5%）｜ブルーザー － チェファルー － グレイイメル（仮想的中 2.6%）｜ブルーザー － チェファルー － グレイイメル（仮想的中 2.3%）｜ブルーザー － チェファルー － キービート（仮想的中 2.2%）｜ブルーザー － ラルヴァンダード － グレイイメル（仮想的中 2.2%）｜ブルーザー － ラルヴァンダード － グレイイメル（仮想的中 2.1%）,560候補から上位6点へ圧縮,ワイド 194.1倍,2976.0%,16,70.7,C,194.1,2976.0,1274.8,7386.6,6818.5,16411.6
202610020604,小倉,4,49.8,注意,caution,75.1,見送り,skip,軸候補の3着内率が高い / 相手候補に上位進出余地,20000,ブランチアウト,69.15,21.8,64.0,4.6,芝適性 / 小倉実績 / 距離適性 / 頭数減経験,ゴリョウセイ,83.5,近走評価と人気履歴のズレを検出,"[{""印"": ""○"", ""馬名"": ""フェブリノ"", ""3着内率"": 62.9, ""理由"": ""距離適性 / 頭数減経験 / 前走人気以上 / 人気以上に走る傾向""}, {""印"": ""▲"", ""馬名"": ""セルヴァジオ"", ""3着内率"": 53.9, ""理由"": ""芝適性 / 阪神実績 / 距離適性 / 前走人気以上""}, {""印"": ""△"", ""馬名"": ""スリーロンドン"", ""3着内率"": 22.3, ""理由"": ""前走人気以上 / 人気以上に走る傾向 / 過小評価傾向""}, {""印"": ""☆"", ""馬名"": ""ラミエルノムスコ"", ""3着内率"": 53.2, ""理由"": ""芝適性 / 京都実績 / 距離適性 / 頭数減経験""}]",ワイド,"ワイド型。20,000回の仮想レースで組み合わせ同時好走率を比較し、91候補から上位3点へ圧縮。",92.8,買い候補,フェブリノ － ブランチアウト（仮想的中 36.3%）｜ブランチアウト － セルヴァジオ（仮想的中 30.0%）｜ブランチアウト － ラミエルノムスコ（仮想的中 29.9%）,91候補から上位3点へ圧縮,56.1,条件付き,フェブリノ － ブランチアウト（仮想的中 14.2%）｜フェブリノ － セルヴァジオ（仮想的中 11.7%）,91候補から上位2点へ圧縮,59.4,条件付き,フェブリノ － ブランチアウト － ラミエルノムスコ（仮想的中 12.8%）｜フェブリノ － ブランチアウト － セルヴァジオ（仮想的中 12.7%）｜ブランチアウト － セルヴァジオ － ラミエルノムスコ（仮想的中 9.1%）｜フェブリノ － セルヴァジオ － ラミエルノムスコ（仮想的中 8.6%）｜フェブリノ － ブランチアウト － スリーロンドン（仮想的中 3.9%）,364候補から上位5点へ圧縮,ワイド 91.9倍,3064.0%,14,94.8,C,91.9,3064.0,372.9,5267.7,1774.0,9867.4
202610020605,小倉,5,89.6,大荒れ警戒,storm,45.0,見送り,skip,相手候補に上位進出余地 / 波乱シグナル / 軸が絞りにくい / 買い条件不足,20000,フェーエンハフト,36.0,11.6,33.6,8.7,履歴少,サイモンレガシー,55.2,近走評価と人気履歴のズレを検出,"[{""印"": ""○"", ""馬名"": ""シックパラソル"", ""3着内率"": 33.6, ""理由"": ""履歴少""}, {""印"": ""▲"", ""馬名"": ""シュガーハウス"", ""3着内率"": 33.6, ""理由"": ""履歴少""}, {""印"": ""△"", ""馬名"": ""サイモンレガシー"", ""3着内率"": 33.5, ""理由"": ""履歴少""}, {""印"": ""☆"", ""馬名"": ""サイモンレガシー"", ""3着内率"": 33.4, ""理由"": ""履歴少""}]",ワイド,"ワイド型。20,000回の仮想レースで組み合わせ同時好走率を比較し、36候補から上位3点へ圧縮。",32.7,見送り,シュガーハウス － シックパラソル（仮想的中 9.0%）｜シュガーハウス － フェーエンハフト（仮想的中 8.8%）｜サイモンレガシー － シュプレヒコール（仮想的中 8.6%）,36候補から上位3点へ圧縮,18.5,見送り,シュガーハウス － シックパラソル（仮想的中 3.1%）｜フェーエンハフト － エルドボルグ（仮想的中 3.0%）,36候補から上位2点へ圧縮,29.4,見送り,シュガーハウス － フェーエンハフト － シックパラソル（仮想的中 1.4%）｜シュガーハウス － ロクメイカン － シックパラソル（仮想的中 1.4%）｜サイモンレガシー － シュガーハウス － フェーエンハフト（仮想的中 1.4%）｜サイモンレガシー － シュガーハウス － サイモンレガシー（仮想的中 1.4%）｜シュガーハウス － シックパラソル － パーセンタイル（仮想的中 1.3%）｜シックパラソル － パーセンタイル － サイモンレガシー（仮想的中 1.3%）,84候補から上位6点へ圧縮,ワイド 19.2倍,170.0%,9,39.1,C,19.2,170.0,90.5,280.2,217.0,300.6
202610020606,小倉,6,89.6,大荒れ警戒,storm,43.3,見送り,skip,相手候補に上位進出余地 / 波乱シグナル / 軸が絞りにくい / 買い条件不足,20000,アンドヴェローナ,36.0,10.4,30.4,9.6,履歴少,アンドヴェローナ,55.2,近走評価と人気履歴のズレを検出,"[{""印"": ""○"", ""馬名"": ""ビバームス"", ""3着内率"": 30.3, ""理由"": ""履歴少""}, {""印"": ""▲"", ""馬名"": ""コパノキャンペーン"", ""3着内率"": 30.0, ""理由"": ""履歴少""}, {""印"": ""△"", ""馬名"": ""ブラックブレット"", ""3着内率"": 30.0, ""理由"": ""履歴少""}, {""印"": ""☆"", ""馬名"": ""ジョン"", ""3着内率"": 30.0, ""理由"": ""履歴少""}]",ワイド,"ワイド型。20,000回の仮想レースで組み合わせ同時好走率を比較し、45候補から上位3点へ圧縮。",27.7,見送り,マルモリムソウ － ビバームス（仮想的中 7.0%）｜ビバームス － アームズラムレイ（仮想的中 7.0%）｜ジョン － ビバームス（仮想的中 6.9%）,45候補から上位3点へ圧縮,15.8,見送り,アンドヴェローナ － マルモリムソウ（仮想的中 2.5%）｜ビバームス － アームズラムレイ（仮想的中 2.5%）,45候補から上位2点へ圧縮,27.4,見送り,アトランタ － ジョン － ビバームス（仮想的中 1.0%）｜ジョン － コパノキャンペーン － アンドヴェローナ（仮想的中 1.0%）｜アンドヴェローナ － アームズラムレイ － ララララブソング（仮想的中 1.0%）｜マルモリムソウ － ビバームス － ブラックブレット（仮想的中 1.0%）｜アンドヴェローナ － ジョン － ビバームス（仮想的中 1.0%）｜ララララブソング － コパノキャンペーン － アンドヴェローナ（仮想的中 0.9%）,120候補から上位6点へ圧縮,ワイド 5.3倍,36.7%,10,37.4,C,5.3,36.7,124.2,310.6,297.6,288.5
202610020607,小倉,7,34.5,平穏,calm,90.6,オッズ次第,watch,軸候補の3着内率が高い / 相手候補に上位進出余地,20000,エアフォースワン,72.14,39.2,84.6,2.6,ダ適性 / 中京実績 / 距離適性 / 安定感,セルジュバローズ,90.7,近走評価と人気履歴のズレを検出,"[{""印"": ""○"", ""馬名"": ""タマモスカイ"", ""3着内率"": 53.7, ""理由"": ""ダ適性 / 距離適性 / 前走人気以上 / 近走上向き""}, {""印"": ""▲"", ""馬名"": ""コルヴァス"", ""3着内率"": 55.4, ""理由"": ""ダ適性 / 距離適性 / 頭数減経験""}, {""印"": ""△"", ""馬名"": ""オオツカ"", ""3着内率"": 25.1, ""理由"": ""ダ適性""}, {""印"": ""☆"", ""馬名"": ""ラブインアクション"", ""3着内率"": 16.4, ""理由"": ""京都実績 / 距離適性""}]",ワイド,"ワイド型。20,000回の仮想レースで組み合わせ同時好走率を比較し、120候補から上位3点へ圧縮。",100.0,買い候補,エアフォースワン － コルヴァス（仮想的中 45.0%）｜エアフォースワン － タマモスカイ（仮想的中 43.2%）｜コルヴァス － タマモスカイ（仮想的中 25.2%）,120候補から上位3点へ圧縮,93.4,買い候補,エアフォースワン － コルヴァス（仮想的中 21.3%）｜エアフォースワン － タマモスカイ（仮想的中 20.1%）,120候補から上位2点へ圧縮,60.6,条件付き,エアフォースワン － コルヴァス － タマモスカイ（仮想的中 18.4%）｜エアフォースワン － コルヴァス － オオツカ（仮想的中 6.6%）｜エアフォースワン － タマモスカイ － オオツカ（仮想的中 6.1%）,560候補から上位3点へ圧縮,ワイド 89.5倍,3683.3%,16,100.0,B,89.5,3683.3,455.9,9681.2,1359.9,14946.6
202610020608,小倉,8,53.4,注意,caution,70.2,見送り,skip,軸候補の3着内率が高い / 相手候補に上位進出余地,20000,ミリタリータトゥー,73.55,34.5,72.5,2.9,前走人気以上 / 人気以上に走る傾向 / 過小評価傾向,エレガンシア,87.2,近走評価と人気履歴のズレを検出,"[{""印"": ""○"", ""馬名"": ""ペイシャシス"", ""3着内率"": 51.9, ""理由"": ""芝適性 / 京都実績 / 距離適性 / クラス条件好転""}, {""印"": ""▲"", ""馬名"": ""メイショウピリカ"", ""3着内率"": 42.1, ""理由"": ""芝適性 / 小倉実績 / 距離適性 / 近走上向き""}, {""印"": ""△"", ""馬名"": ""ミッキーマーメイド"", ""3着内率"": 34.8, ""理由"": ""芝適性 / 東京実績 / 距離適性 / クラス条件好転""}, {""印"": ""☆"", ""馬名"": ""コンバットペスカ"", ""3着内率"": 12.3, ""理由"": ""小倉実績 / 前走人気以上 / 近走上向き""}]",ワイド,"ワイド型。20,000回の仮想レースで組み合わせ同時好走率を比較し、45候補から上位3点へ圧縮。",100.0,買い候補,ミリタリータトゥー － ミリタリータトゥー（仮想的中 49.2%）｜ミリタリータトゥー － ペイシャシス（仮想的中 33.5%）｜ミリタリータトゥー － ペイシャシス（仮想的中 33.4%）,45候補から上位3点へ圧縮,85.2,買い候補,ミリタリータトゥー － ミリタリータトゥー（仮想的中 26.5%）｜ミリタリータトゥー － ペイシャシス（仮想的中 11.9%）,45候補から上位2点へ圧縮,63.9,条件付き,ミリタリータトゥー － ミリタリータトゥー － ペイシャシス（仮想的中 18.6%）｜ミリタリータトゥー － ミリタリータトゥー － メイショウピリカ（仮想的中 13.5%）｜ミリタリータトゥー － ミリタリータトゥー － ミッキーマーメイド（仮想的中 10.3%）｜ミリタリータトゥー － ペイシャシス － メイショウピリカ（仮想的中 6.5%）｜ミリタリータトゥー － ペイシャシス － メイショウピリカ（仮想的中 6.4%）｜ミリタリータトゥー － ペイシャシス － ミッキーマーメイド（仮想的中 5.3%）,120候補から上位6点へ圧縮,ワイド 2.2倍,73.6%,10,91.2,C,2.2,73.6,6.8,80.9,,
202610020609,小倉,9,65.2,波乱,wave,48.2,見送り,skip,軸候補の3着内率が高い / 相手候補に上位進出余地 / 波乱シグナル,20000,ホウショウルクス,70.25,19.7,46.9,5.1,ダ適性 / 小倉実績 / 距離適性 / 人気以上に走る傾向,ケイアイアルタイル,71.6,近走評価と人気履歴のズレを検出,"[{""印"": ""○"", ""馬名"": ""プウスカンドゥール"", ""3着内率"": 41.7, ""理由"": ""小倉実績 / 距離適性 / クラス条件好転 / 前走人気以上""}, {""印"": ""▲"", ""馬名"": ""ショウナンバンライ"", ""3着内率"": 46.0, ""理由"": ""ダ適性 / 阪神実績 / 距離適性 / 前走人気以上""}, {""印"": ""△"", ""馬名"": ""トモジャザーン"", ""3着内率"": 40.5, ""理由"": ""ダ適性 / 距離適性 / 近走上向き / 安定感""}, {""印"": ""☆"", ""馬名"": ""タガノアニマシオン"", ""3着内率"": 38.0, ""理由"": ""ダ適性 / 阪神実績 / 距離適性 / 安定感""}]",ワイド,"ワイド型。20,000回の仮想レースで組み合わせ同時好走率を比較し、55候補から上位3点へ圧縮。",53.9,見送り,ショウナンバンライ － ホウショウルクス（仮想的中 17.5%）｜ホウショウルクス － プウスカンドゥール（仮想的中 15.9%）｜ショウナンバンライ － プウスカンドゥール（仮想的中 15.6%）,55候補から上位3点へ圧縮,35.5,見送り,ショウナンバンライ － ホウショウルクス（仮想的中 6.9%）｜ホウショウルクス － プウスカンドゥール（仮想的中 6.3%）,55候補から上位2点へ圧縮,32.8,見送り,ショウナンバンライ － ホウショウルクス － プウスカンドゥール（仮想的中 3.9%）｜ショウナンバンライ － ホウショウルクス － トモジャザーン（仮想的中 3.6%）｜ショウナンバンライ － ホウショウルクス － タガノアニマシオン（仮想的中 3.2%）｜ホウショウルクス － プウスカンドゥール － トモジャザーン（仮想的中 3.2%）｜ショウナンバンライ － プウスカンドゥール － トモジャザーン（仮想的中 3.0%）｜ホウショウルクス － タガノアニマシオン － トモジャザーン（仮想的中 3.0%）,165候補から上位6点へ圧縮,券種別オッズ待ち,オッズ接続後に算出,11,54.5,C,,,,,,
202610020610,小倉,10,45.2,注意,caution,72.0,見送り,skip,軸候補の3着内率が高い / 相手候補に上位進出余地,20000,ダノンカゼルタ,64.26,27.2,69.7,3.7,芝適性 / 阪神実績 / 距離適性 / クラス条件好転,ハッピーダンチャン,100.0,近走評価と人気履歴のズレを検出,"[{""印"": ""○"", ""馬名"": ""ジャスティンガルフ"", ""3着内率"": 40.8, ""理由"": ""クラス条件好転 / 人気以上に走る傾向""}, {""印"": ""▲"", ""馬名"": ""オウケンボルト"", ""3着内率"": 46.0, ""理由"": ""芝適性 / 東京実績 / 距離適性 / クラス条件好転""}, {""印"": ""△"", ""馬名"": ""アスクエピソード"", ""3着内率"": 18.8, ""理由"": ""前走人気以上""}, {""印"": ""☆"", ""馬名"": ""レイピカケ"", ""3着内率"": 17.2, ""理由"": ""クラス条件好転 / 前走人気以上 / 近走上向き""}]",ワイド,"ワイド型。20,000回の仮想レースで組み合わせ同時好走率を比較し、66候補から上位3点へ圧縮。",98.9,買い候補,ダノンカゼルタ － ダノンカゼルタ（仮想的中 45.5%）｜ダノンカゼルタ － オウケンボルト（仮想的中 28.1%）｜ダノンカゼルタ － オウケンボルト（仮想的中 27.9%）,66候補から上位3点へ圧縮,66.7,条件付き,ダノンカゼルタ － ダノンカゼルタ（仮想的中 20.1%）｜ダノンカゼルタ － オウケンボルト（仮想的中 9.8%）,66候補から上位2点へ圧縮,50.3,見送り,ダノンカゼルタ － ダノンカゼルタ － オウケンボルト（仮想的中 14.5%）｜ダノンカゼルタ － ダノンカゼルタ － ジャスティンガルフ（仮想的中 12.4%）｜ダノンカゼルタ － オウケンボルト － ジャスティンガルフ（仮想的中 5.4%）｜ダノンカゼルタ － オウケンボルト － ジャスティンガルフ（仮想的中 5.4%）｜ダノンカゼルタ － ダノンカゼルタ － アスクエピソード（仮想的中 4.7%）｜ダノンカゼルタ － ダノンカゼルタ － レイピカケ（仮想的中 4.3%）,220候補から上位6点へ圧縮,券種別オッズ待ち,オッズ接続後に算出,12,93.6,C,,,,,,
202610020611,小倉,11,43.6,注意,caution,89.1,オッズ次第,watch,軸候補の3着内率が高い / 相手候補に上位進出余地,20000,モックモック,72.85,33.6,79.8,3.0,ダ適性 / 阪神実績 / 距離適性 / クラス条件好転,メルキオル,84.8,近走評価と人気履歴のズレを検出,"[{""印"": ""○"", ""馬名"": ""モンブランミノル"", ""3着内率"": 75.1, ""理由"": ""ダ適性 / 阪神実績 / 距離適性 / クラス条件好転""}, {""印"": ""▲"", ""馬名"": ""ゴッドブルービー"", ""3着内率"": 63.5, ""理由"": ""ダ適性 / 小倉実績 / 距離適性 / クラス条件好転""}, {""印"": ""△"", ""馬名"": ""フェルヴェンテ"", ""3着内率"": 27.7, ""理由"": ""距離適性 / クラス条件好転 / 前走人気以上 / 人気以上に走る傾向""}, {""印"": ""☆"", ""馬名"": ""シュラザック"", ""3着内率"": 10.9, ""理由"": ""人気以上に走る傾向""}]",ワイド,"ワイド型。20,000回の仮想レースで組み合わせ同時好走率を比較し、66候補から上位3点へ圧縮。",100.0,買い候補,モックモック － モンブランミノル（仮想的中 57.6%）｜モックモック － ゴッドブルービー（仮想的中 47.6%）｜モンブランミノル － ゴッドブルービー（仮想的中 44.1%）,66候補から上位3点へ圧縮,93.4,買い候補,モックモック － モンブランミノル（仮想的中 25.5%）｜モックモック － ゴッドブルービー（仮想的中 18.9%）,66候補から上位2点へ圧縮,100.0,買い候補,モックモック － モンブランミノル － ゴッドブルービー（仮想的中 30.6%）｜モックモック － モンブランミノル － フェルヴェンテ（仮想的中 9.4%）,220候補から上位2点へ圧縮,ワイド 11.9倍,583.4%,12,100.0,B,11.9,583.4,38.0,836.3,372.9,4773.0
202610020612,小倉,12,57.2,注意,caution,56.5,見送り,skip,軸候補の3着内率が高い / 相手候補に上位進出余地,20000,ベルファスト,66.56,20.5,54.7,4.9,芝適性 / 新潟実績 / 距離適性 / 安定感,モルティフレーバー,84.0,近走評価と人気履歴のズレを検出,"[{""印"": ""○"", ""馬名"": ""ラブカムーン"", ""3着内率"": 10.5, ""理由"": ""人気以上に走る傾向 / 近走上向き""}, {""印"": ""▲"", ""馬名"": ""ジューンオアシス"", ""3着内率"": 35.6, ""理由"": ""ダ適性 / 園田実績 / 距離適性 / 近走上向き""}, {""印"": ""△"", ""馬名"": ""ノボリリア"", ""3着内率"": 16.8, ""理由"": ""距離適性""}, {""印"": ""☆"", ""馬名"": ""ドルチェミスト"", ""3着内率"": 30.2, ""理由"": ""芝適性 / 小倉実績 / 距離適性 / 近走上向き""}]",ワイド,"ワイド型。20,000回の仮想レースで組み合わせ同時好走率を比較し、153候補から上位3点へ圧縮。",53.8,見送り,ベルファスト － ジューンオアシス（仮想的中 16.5%）｜ベルファスト － ドルチェミスト（仮想的中 13.7%）｜ベルファスト － ドルチェミスト（仮想的中 13.5%）,153候補から上位3点へ圧縮,34.1,見送り,ベルファスト － ジューンオアシス（仮想的中 6.6%）｜ベルファスト － ドルチェミスト（仮想的中 5.2%）,153候補から上位2点へ圧縮,24.8,見送り,ベルファスト － ジューンオアシス － ドルチェミスト（仮想的中 2.6%）｜ベルファスト － ジューンオアシス － ドルチェミスト（仮想的中 2.5%）｜ベルファスト － ドルチェミスト － ドルチェミスト（仮想的中 2.0%）｜ベルファスト － ジューンオアシス － ウインマスカレード（仮想的中 2.0%）｜ベルファスト － ジューンオアシス － フィラーエ（仮想的中 1.8%）｜ベルファスト － ジューンオアシス － ベネメレンティ（仮想的中 1.7%）,816候補から上位6点へ圧縮,券種別オッズ待ち,オッズ接続後に算出,18,75.3,C,,,,,,
202603020601,福島,1,58.5,注意,caution,61.8,見送り,skip,軸候補の3着内率が高い / 相手候補に上位進出余地,20000,トーアマリシテン,65.01,21.8,60.0,4.6,障適性 / 福島実績 / 距離適性 / 安定感,フェイトライン,76.4,近走評価と人気履歴のズレを検出,"[{""印"": ""○"", ""馬名"": ""ブライテストドーン"", ""3着内率"": 46.0, ""理由"": ""距離適性 / 前走人気以上 / 近走上向き""}, {""印"": ""▲"", ""馬名"": ""ゲレル"", ""3着内率"": 46.5, ""理由"": ""距離適性 / 人気以上に走る傾向 / 近走上向き / 過小評価傾向""}, {""印"": ""△"", ""馬名"": ""ノブダブルホワイト"", ""3着内率"": 17.9, ""理由"": ""頭数減経験 / 前走人気以上 / 人気以上に走る傾向 / 近走上向き""}, {""印"": ""☆"", ""馬名"": ""アウルムレガリア"", ""3着内率"": 16.2, ""理由"": ""前走人気以上 / 人気以上に走る傾向""}]",ワイド,"ワイド型。20,000回の仮想レースで組み合わせ同時好走率を比較し、91候補から上位3点へ圧縮。",71.2,買い候補,トーアマリシテン － ゲレル（仮想的中 24.3%）｜トーアマリシテン － ブライテストドーン（仮想的中 24.1%）｜ゲレル － ブライテストドーン（仮想的中 17.9%）,91候補から上位3点へ圧縮,46.9,見送り,トーアマリシテン － ゲレル（仮想的中 10.2%）｜トーアマリシテン － ブライテストドーン（仮想的中 9.3%）,91候補から上位2点へ圧縮,32.6,見送り,トーアマリシテン － ゲレル － ブライテストドーン（仮想的中 6.8%）｜トーアマリシテン － ゲレル － サラフィエル（仮想的中 3.6%）｜トーアマリシテン － ブライテストドーン － サラフィエル（仮想的中 3.5%）｜トーアマリシテン － ゲレル － モスクロッサー（仮想的中 2.9%）｜トーアマリシテン － ブライテストドーン － モスクロッサー（仮想的中 2.8%）｜ゲレル － ブライテストドーン － サラフィエル（仮想的中 2.2%）,364候補から上位6点へ圧縮,ワイド 708.7倍,17221.4%,14,82.5,C,708.7,17221.4,3634.1,37067.8,4715.5,16975.8
202603020602,福島,2,54.2,注意,caution,87.6,オッズ次第,watch,軸候補の3着内率が高い / 相手候補に上位進出余地,20000,クリムゾンリーフ,62.55,29.7,71.2,3.4,ダ適性 / 東京実績 / 距離適性 / 安定感,レアリゼソンレーヴ,100.0,近走評価と人気履歴のズレを検出,"[{""印"": ""○"", ""馬名"": ""アーティキュレート"", ""3着内率"": 48.8, ""理由"": ""ダ適性 / 距離適性 / 前走人気以上 / 近走上向き""}, {""印"": ""▲"", ""馬名"": ""レヴェンドール"", ""3着内率"": 33.5, ""理由"": ""前走人気以上 / 人気以上に走る傾向""}, {""印"": ""△"", ""馬名"": ""トランセンコ"", ""3着内率"": 26.9, ""理由"": ""総合評価""}, {""印"": ""☆"", ""馬名"": ""ゴットタレント"", ""3着内率"": 35.4, ""理由"": ""東京実績 / 距離適性 / 前走人気以上 / 近走上向き""}]",ワイド,"ワイド型。20,000回の仮想レースで組み合わせ同時好走率を比較し、120候補から上位3点へ圧縮。",82.1,買い候補,クリムゾンリーフ － アーティキュレート（仮想的中 32.0%）｜クリムゾンリーフ － ゴットタレント（仮想的中 22.5%）｜クリムゾンリーフ － レヴェンドール（仮想的中 20.6%）,120候補から上位3点へ圧縮,56.7,条件付き,クリムゾンリーフ － アーティキュレート（仮想的中 13.4%）｜クリムゾンリーフ － レヴェンドール（仮想的中 8.6%）,120候補から上位2点へ圧縮,39.0,見送り,クリムゾンリーフ － アーティキュレート － ゴットタレント（仮想的中 7.1%）｜クリムゾンリーフ － アーティキュレート － レヴェンドール（仮想的中 6.0%）｜クリムゾンリーフ － アーティキュレート － サングラント（仮想的中 5.2%）｜クリムゾンリーフ － アーティキュレート － トランセンコ（仮想的中 4.9%）｜クリムゾンリーフ － ゴットタレント － レヴェンドール（仮想的中 3.9%）｜クリムゾンリーフ － ゴットタレント － サングラント（仮想的中 3.3%）,560候補から上位6点へ圧縮,ワイド 263.1倍,5911.1%,16,100.0,B,263.1,5911.1,1974.1,18633.0,9800.0,51218.8
202603020603,福島,3,40.5,注意,caution,86.1,オッズ次第,watch,軸候補の3着内率が高い / 相手候補に上位進出余地,20000,ヴァルカンテソーロ,71.68,48.7,87.6,2.1,芝適性 / 東京実績 / 距離適性 / 安定感,ウインベルチェーロ,96.4,近走評価と人気履歴のズレを検出,"[{""印"": ""○"", ""馬名"": ""ヴォンサクレ"", ""3着内率"": 33.5, ""理由"": ""前走人気以上 / 人気以上に走る傾向""}, {""印"": ""▲"", ""馬名"": ""ブライスフェアリー"", ""3着内率"": 34.2, ""理由"": ""前走人気以上 / 人気以上に走る傾向 / 近走上向き""}, {""印"": ""△"", ""馬名"": ""ウッケン"", ""3着内率"": 23.0, ""理由"": ""前走人気以上 / 人気以上に走る傾向 / 近走上向き / 過小評価傾向""}, {""印"": ""☆"", ""馬名"": ""ウッケン"", ""3着内率"": 22.9, ""理由"": ""前走人気以上 / 人気以上に走る傾向 / 近走上向き / 過小評価傾向""}]",ワイド,"ワイド型。20,000回の仮想レースで組み合わせ同時好走率を比較し、136候補から上位3点へ圧縮。",89.6,買い候補,ヴァルカンテソーロ － ブライスフェアリー（仮想的中 28.4%）｜ヴァルカンテソーロ － ヴォンサクレ（仮想的中 27.7%）｜ヴァルカンテソーロ － ウッケン（仮想的中 19.0%）,136候補から上位3点へ圧縮,77.3,買い候補,ヴァルカンテソーロ － ブライスフェアリー（仮想的中 13.3%）｜ヴァルカンテソーロ － ヴォンサクレ（仮想的中 12.2%）,136候補から上位2点へ圧縮,30.1,見送り,ヴァルカンテソーロ － ヴォンサクレ － ブライスフェアリー（仮想的中 5.7%）｜ヴァルカンテソーロ － ブライスフェアリー － ウッケン（仮想的中 3.9%）｜ヴァルカンテソーロ － ヴォンサクレ － ウッケン（仮想的中 3.6%）｜ヴァルカンテソーロ － ヴォンサクレ － ウッケン（仮想的中 3.5%）｜ヴァルカンテソーロ － ブライスフェアリー － チャンピオンホープ（仮想的中 3.5%）｜ヴァルカンテソーロ － ブライスフェアリー － ウッケン（仮想的中 3.5%）,680候補から上位6点へ圧縮,ワイド 378.1倍,10604.8%,17,100.0,B,378.1,10604.8,1883.8,23947.5,23454.0,133687.8
202603020604,福島,4,89.6,大荒れ警戒,storm,41.6,見送り,skip,相手候補に上位進出余地 / 波乱シグナル / 軸が絞りにくい / 買い条件不足,20000,サクセスボーイ,36.0,9.3,27.8,10.8,履歴少,ジェントルアイズ,55.2,近走評価と人気履歴のズレを検出,"[{""印"": ""○"", ""馬名"": ""ジェントルアイズ"", ""3着内率"": 27.5, ""理由"": ""履歴少""}, {""印"": ""▲"", ""馬名"": ""ジェントルアイズ"", ""3着内率"": 27.5, ""理由"": ""履歴少""}, {""印"": ""△"", ""馬名"": ""ラヴィサンエール"", ""3着内率"": 27.5, ""理由"": ""履歴少""}, {""印"": ""☆"", ""馬名"": ""ハルガスミ"", ""3着内率"": 27.4, ""理由"": ""履歴少""}]",三連複,"三連複型。20,000回の仮想レースで組み合わせ同時好走率を比較し、165候補から上位6点へ圧縮。",24.1,見送り,ラヴィサンエール － サクセスボーイ（仮想的中 5.8%）｜ハルガスミ － ジェントルアイズ（仮想的中 5.8%）｜ジェントルアイズ － サクセスボーイ（仮想的中 5.8%）,55候補から上位3点へ圧縮,13.4,見送り,ジェントルアイズ － サクセスボーイ（仮想的中 2.0%）｜ラヴィサンエール － トム（仮想的中 2.0%）,55候補から上位2点へ圧縮,25.9,見送り,エコロテラ － ラヴィサンエール － トム（仮想的中 0.8%）｜ジェントルアイズ － ワレモコウ － サクセスボーイ（仮想的中 0.7%）｜サンヴァンガード － ハルガスミ － ジェントルアイズ（仮想的中 0.7%）｜ウカテンセイ － サクセスボーイ － ジェントルアイズ（仮想的中 0.7%）｜サクセスボーイ － ハルガスミ － ジェントルアイズ（仮想的中 0.7%）｜ジェントルアイズ － ハルガスミ － ジェントルアイズ（仮想的中 0.7%）,165候補から上位6点へ圧縮,三連複 698.7倍,491.5%,11,35.7,C,83.9,486.4,296.4,592.8,698.7,491.5
202603020605,福島,5,89.6,大荒れ警戒,storm,38.0,見送り,skip,波乱シグナル / 軸が絞りにくい / 買い条件不足,20000,イキフン,36.0,6.2,18.2,16.2,履歴少,ブルーリボン,55.2,近走評価と人気履歴のズレを検出,"[{""印"": ""○"", ""馬名"": ""エイシンウルクンデ"", ""3着内率"": 18.0, ""理由"": ""履歴少""}, {""印"": ""▲"", ""馬名"": ""ドーンレーサー"", ""3着内率"": 17.9, ""理由"": ""履歴少""}, {""印"": ""△"", ""馬名"": ""セレスタイト"", ""3着内率"": 17.8, ""理由"": ""履歴少""}, {""印"": ""☆"", ""馬名"": ""ブルーリボン"", ""3着内率"": 17.8, ""理由"": ""履歴少""}]",三連複,"三連複型。20,000回の仮想レースで組み合わせ同時好走率を比較し、680候補から上位6点へ圧縮。",13.0,見送り,ドーンレーサー － エクスマキナ（仮想的中 2.4%）｜ソラニワラエバ － ブルーリボン（仮想的中 2.4%）｜セレスタイト － エイシンウルクンデ（仮想的中 2.4%）,136候補から上位3点へ圧縮,7.6,見送り,セレスタイト － エイシンウルクンデ（仮想的中 0.9%）｜イキフン － ワンコール（仮想的中 0.9%）,136候補から上位2点へ圧縮,23.4,見送り,セレスタイト － ソラニワラエバ － リサナウト（仮想的中 0.2%）｜イキフン － ウィクフォード － クラウントリオンフ（仮想的中 0.2%）｜イキフン － ワンコール － エクスマキナ（仮想的中 0.2%）｜タクミオジュウ － ローグアン － シーズアウルフ（仮想的中 0.2%）｜イキフン － ローグアン － ハクタカ（仮想的中 0.2%）｜ブルーリボン － ドーンレーサー － エクスマキナ（仮想的中 0.2%）,680候補から上位6点へ圧縮,三連複 1800.5倍,360.1%,17,30.1,C,80.0,192.1,22.9,20.6,1800.5,360.1
202603020606,福島,6,51.3,注意,caution,84.6,オッズ次第,watch,軸候補の3着内率が高い / 相手候補に上位進出余地,20000,ツクバヴァンガード,70.83,29.4,69.9,3.4,ダ適性 / 東京実績 / 距離適性 / 頭数減経験,ピコランド,100.0,近走評価と人気履歴のズレを検出,"[{""印"": ""○"", ""馬名"": ""ミスタートントン"", ""3着内率"": 61.5, ""理由"": ""ダ適性 / 距離適性 / 頭数減経験 / 安定感""}, {""印"": ""▲"", ""馬名"": ""ニンジャトットリ"", ""3着内率"": 40.3, ""理由"": ""ダ適性 / 距離適性 / 安定感""}, {""印"": ""△"", ""馬名"": ""ジャメビュ"", ""3着内率"": 32.4, ""理由"": ""ダ適性 / 東京実績 / 距離適性 / 安定感""}, {""印"": ""☆"", ""馬名"": ""ミラビリオン"", ""3着内率"": 32.2, ""理由"": ""ダ適性 / 距離適性 / 安定感""}]",ワイド,"ワイド型。20,000回の仮想レースで組み合わせ同時好走率を比較し、136候補から上位3点へ圧縮。",88.4,買い候補,ツクバヴァンガード － ミスタートントン（仮想的中 40.0%）｜ツクバヴァンガード － ニンジャトットリ（仮想的中 24.7%）｜ミスタートントン － ニンジャトットリ（仮想的中 20.7%）,136候補から上位3点へ圧縮,63.4,条件付き,ツクバヴァンガード － ミスタートントン（仮想的中 18.0%）｜ツクバヴァンガード － ニンジャトットリ（仮想的中 8.7%）,136候補から上位2点へ圧縮,46.8,見送り,ツクバヴァンガード － ミスタートントン － ニンジャトットリ（仮想的中 10.4%）｜ツクバヴァンガード － ミスタートントン － ジャメビュ（仮想的中 7.6%）｜ツクバヴァンガード － ミスタートントン － イイクニパッション（仮想的中 7.6%）｜ツクバヴァンガード － ミスタートントン － ミラビリオン（仮想的中 7.6%）｜ツクバヴァンガード － ニンジャトットリ － イイクニパッション（仮想的中 3.9%）｜ツクバヴァンガード － ニンジャトットリ － ミラビリオン（仮想的中 3.8%）,680候補から上位6点へ圧縮,ワイド 210.0倍,4991.8%,17,100.0,B,210.0,4991.8,325.9,4888.3,6184.2,41726.4
202603020607,福島,7,42.5,注意,caution,83.1,オッズ次第,watch,軸候補の3着内率が高い / 相手候補に上位進出余地,20000,キッショウダラニ,70.51,37.2,81.8,2.7,芝適性 / 距離適性 / 頭数減経験 / 安定感,サクラモンストール,100.0,近走評価と人気履歴のズレを検出,"[{""印"": ""○"", ""馬名"": ""インザライムライト"", ""3着内率"": 59.4, ""理由"": ""頭数減経験 / 人気以上に走る傾向 / 過小評価傾向""}, {""印"": ""▲"", ""馬名"": ""ノーブルクロンヌ"", ""3着内率"": 34.4, ""理由"": ""前走人気以上 / 人気以上に走る傾向 / 近走上向き""}, {""印"": ""△"", ""馬名"": ""ウインディナナコ"", ""3着内率"": 40.1, ""理由"": ""距離適性 / 頭数減経験 / 前走人気以上 / 人気以上に走る傾向""}, {""印"": ""☆"", ""馬名"": ""スイートハイデン"", ""3着内率"": 15.5, ""理由"": ""頭数減経験 / 前走人気以上 / 人気以上に走る傾向""}]",ワイド,"ワイド型。20,000回の仮想レースで組み合わせ同時好走率を比較し、136候補から上位3点へ圧縮。",100.0,買い候補,キッショウダラニ － インザライムライト（仮想的中 46.4%）｜キッショウダラニ － ウインディナナコ（仮想的中 30.4%）｜キッショウダラニ － ノーブルクロンヌ（仮想的中 25.7%）,136候補から上位3点へ圧縮,82.6,買い候補,キッショウダラニ － インザライムライト（仮想的中 22.7%）｜キッショウダラニ － ウインディナナコ（仮想的中 12.5%）,136候補から上位2点へ圧縮,48.1,見送り,キッショウダラニ － インザライムライト － ウインディナナコ（仮想的中 12.9%）｜キッショウダラニ － インザライムライト － ノーブルクロンヌ（仮想的中 10.7%）｜キッショウダラニ － ウインディナナコ － ノーブルクロンヌ（仮想的中 5.6%）｜キッショウダラニ － インザライムライト － スイートハイデン（仮想的中 4.1%）｜キッショウダラニ － インザライムライト － フライスカイハイ（仮想的中 4.0%）,680候補から上位5点へ圧縮,券種別オッズ待ち,オッズ接続後に算出,17,100.0,B,,,,,,
202603020608,福島,8,49.7,注意,caution,81.7,オッズ次第,watch,軸候補の3着内率が高い / 相手候補に上位進出余地,20000,ミスターマーボー,72.04,37.1,79.5,2.7,芝適性 / 東京実績 / 距離適性 / 前走人気以上,マイネルステラート,98.3,近走評価と人気履歴のズレを検出,"[{""印"": ""○"", ""馬名"": ""デンプシー"", ""3着内率"": 51.9, ""理由"": ""芝適性 / 新潟実績 / 距離適性 / 頭数減経験""}, {""印"": ""▲"", ""馬名"": ""プリティーミズホ"", ""3着内率"": 30.1, ""理由"": ""芝適性 / 中山実績 / 距離適性 / クラス条件好転""}, {""印"": ""△"", ""馬名"": ""プリティーミズホ"", ""3着内率"": 29.7, ""理由"": ""芝適性 / 中山実績 / 距離適性 / クラス条件好転""}, {""印"": ""☆"", ""馬名"": ""アイアンパイク"", ""3着内率"": 53.2, ""理由"": ""芝適性 / 頭数減経験 / 安定感""}]",ワイド,"ワイド型。20,000回の仮想レースで組み合わせ同時好走率を比較し、78候補から上位3点へ圧縮。",100.0,買い候補,ミスターマーボー － アイアンパイク（仮想的中 39.7%）｜ミスターマーボー － デンプシー（仮想的中 38.6%）｜アイアンパイク － デンプシー（仮想的中 23.0%）,78候補から上位3点へ圧縮,80.1,買い候補,ミスターマーボー － デンプシー（仮想的中 16.9%）｜ミスターマーボー － アイアンパイク（仮想的中 16.8%）,78候補から上位2点へ圧縮,53.9,見送り,ミスターマーボー － アイアンパイク － デンプシー（仮想的中 14.9%）｜ミスターマーボー － アイアンパイク － プリティーミズホ（仮想的中 6.8%）｜ミスターマーボー － デンプシー － プリティーミズホ（仮想的中 6.8%）｜ミスターマーボー － アイアンパイク － プリティーミズホ（仮想的中 6.7%）｜ミスターマーボー － デンプシー － プリティーミズホ（仮想的中 6.4%）,286候補から上位5点へ圧縮,ワイド 307.3倍,9616.4%,13,100.0,B,307.3,9616.4,1377.0,23264.5,3220.8,35557.1
202603020609,福島,9,42.1,注意,caution,76.7,見送り,skip,軸候補の3着内率が高い / 相手候補に上位進出余地,20000,サルワールカミーズ,75.93,40.7,67.2,2.5,前走人気以上 / 人気以上に走る傾向 / 過小評価傾向,ヒサエノオモカゲ,97.6,近走評価と人気履歴のズレを検出,"[{""印"": ""○"", ""馬名"": ""サフランルージュ"", ""3着内率"": 21.2, ""理由"": ""距離適性 / 頭数減経験 / 人気以上に走る傾向 / 過小評価傾向""}, {""印"": ""▲"", ""馬名"": ""ユメシルベ"", ""3着内率"": 33.8, ""理由"": ""芝適性 / 中山実績 / 距離適性 / 頭数減経験""}, {""印"": ""△"", ""馬名"": ""ロゼフェリシア"", ""3着内率"": 63.7, ""理由"": ""ダ適性 / 名古屋実績 / 距離適性 / 頭数減経験""}, {""印"": ""☆"", ""馬名"": ""ノーブルクラウド"", ""3着内率"": 12.1, ""理由"": ""ダ適性 / 距離適性 / 人気以上に走る傾向 / 過小評価傾向""}]",ワイド,"ワイド型。20,000回の仮想レースで組み合わせ同時好走率を比較し、105候補から上位3点へ圧縮。",83.4,買い候補,サルワールカミーズ － ロゼフェリシア（仮想的中 39.6%）｜サルワールカミーズ － ルージュリリック（仮想的中 20.8%）｜サルワールカミーズ － ユメシルベ（仮想的中 19.5%）,105候補から上位3点へ圧縮,74.5,買い候補,サルワールカミーズ － ロゼフェリシア（仮想的中 20.1%）｜サルワールカミーズ － ユメシルベ（仮想的中 8.0%）,105候補から上位2点へ圧縮,36.5,見送り,サルワールカミーズ － ロゼフェリシア － ルージュリリック（仮想的中 9.4%）｜サルワールカミーズ － ロゼフェリシア － ユメシルベ（仮想的中 8.4%）｜サルワールカミーズ － ロゼフェリシア － サフランルージュ（仮想的中 4.6%）｜サルワールカミーズ － ルージュリリック － ユメシルベ（仮想的中 3.2%）｜サルワールカミーズ － ロゼフェリシア － ブルスカメンテ（仮想的中 3.1%）｜ロゼフェリシア － ルージュリリック － ユメシルベ（仮想的中 2.7%）,455候補から上位6点へ圧縮,券種別オッズ待ち,オッズ接続後に算出,15,96.0,C,,,,,,
202603020610,福島,10,32.3,平穏,calm,80.2,見送り,skip,軸候補の3着内率が高い / 相手候補に上位進出余地,20000,チギリ,76.84,51.2,93.6,2.0,ダ適性 / 距離適性 / 頭数減経験 / 前走人気以上,スマートケープ,85.9,近走評価と人気履歴のズレを検出,"[{""印"": ""○"", ""馬名"": ""リフレックス"", ""3着内率"": 86.4, ""理由"": ""ダ適性 / 距離適性 / 頭数減経験 / 近走上向き""}, {""印"": ""▲"", ""馬名"": ""ハッスルダンク"", ""3着内率"": 19.4, ""理由"": ""頭数減経験 / 人気以上に走る傾向 / 過小評価傾向""}, {""印"": ""△"", ""馬名"": ""サトミノエンジェル"", ""3着内率"": 25.4, ""理由"": ""ダ適性 / 中山実績 / 距離適性 / 安定感""}, {""印"": ""☆"", ""馬名"": ""ダカラフェスティヴ"", ""3着内率"": 7.4, ""理由"": ""ダ適性""}]",ワイド,"ワイド型。20,000回の仮想レースで組み合わせ同時好走率を比較し、66候補から上位1点へ圧縮。",100.0,買い候補,チギリ － リフレックス（仮想的中 80.4%）,66候補から上位1点へ圧縮,100.0,買い候補,チギリ － リフレックス（仮想的中 54.1%）,66候補から上位1点へ圧縮,98.1,買い候補,チギリ － リフレックス － ドバイブルース（仮想的中 24.0%）｜チギリ － リフレックス － サトミノエンジェル（仮想的中 17.3%）｜チギリ － リフレックス － ハッスルダンク（仮想的中 12.7%）,220候補から上位3点へ圧縮,券種別オッズ待ち,オッズ接続後に算出,12,100.0,C,,,,,,
202603020611,福島,11,55.9,注意,caution,66.8,見送り,skip,軸候補の3着内率が高い / 相手候補に上位進出余地,20000,バトルボーン,65.44,22.6,57.3,4.4,芝適性 / 東京実績 / 距離適性 / クラス条件好転,クリスマスパレード,96.5,近走評価と人気履歴のズレを検出,"[{""印"": ""○"", ""馬名"": ""コントラポスト"", ""3着内率"": 54.8, ""理由"": ""芝適性 / 東京実績 / 距離適性 / 頭数減経験""}, {""印"": ""▲"", ""馬名"": ""リカンカブール"", ""3着内率"": 28.8, ""理由"": ""前走人気以上 / 人気以上に走る傾向 / 過小評価傾向""}, {""印"": ""△"", ""馬名"": ""ヤマニンブークリエ"", ""3着内率"": 27.4, ""理由"": ""距離適性 / 近走上向き / 安定感""}, {""印"": ""☆"", ""馬名"": ""マイネルモーント"", ""3着内率"": 13.2, ""理由"": ""人気以上に走る傾向""}]",ワイド,"ワイド型。20,000回の仮想レースで組み合わせ同時好走率を比較し、136候補から上位3点へ圧縮。",72.8,買い候補,バトルボーン － コントラポスト（仮想的中 27.9%）｜バトルボーン － サヴォーナ（仮想的中 21.9%）｜コントラポスト － サヴォーナ（仮想的中 20.6%）,136候補から上位3点へ圧縮,46.3,見送り,バトルボーン － コントラポスト（仮想的中 10.5%）｜バトルボーン － サヴォーナ（仮想的中 8.3%）,136候補から上位2点へ圧縮,35.0,見送り,バトルボーン － コントラポスト － サヴォーナ（仮想的中 8.0%）｜バトルボーン － コントラポスト － ヤマニンブークリエ（仮想的中 4.1%）｜バトルボーン － コントラポスト － リカンカブール（仮想的中 4.1%）｜バトルボーン － コントラポスト － カラマティアノス（仮想的中 3.4%）｜バトルボーン － サヴォーナ － リカンカブール（仮想的中 3.2%）｜コントラポスト － サヴォーナ － リカンカブール（仮想的中 2.8%）,680候補から上位6点へ圧縮,ワイド 103.9倍,2306.8%,17,86.6,C,103.9,2306.8,421.2,3665.4,5064.4,19812.5
202603020612,福島,12,58.3,注意,caution,54.9,見送り,skip,軸候補の3着内率が高い / 相手候補に上位進出余地,20000,ホーリーブライト,69.07,23.6,51.5,4.2,福島実績 / 頭数減経験 / 前走人気以上 / 人気以上に走る傾向,ペプチドクレマチス,98.9,近走評価と人気履歴のズレを検出,"[{""印"": ""○"", ""馬名"": ""ローマンレイク"", ""3着内率"": 40.7, ""理由"": ""距離適性 / 前走人気以上 / 人気以上に走る傾向 / 近走上向き""}, {""印"": ""▲"", ""馬名"": ""スーパーバイザー"", ""3着内率"": 39.9, ""理由"": ""ダ適性 / 新潟実績 / 距離適性 / 頭数減経験""}, {""印"": ""△"", ""馬名"": ""マフィン"", ""3着内率"": 8.6, ""理由"": ""人気以上に走る傾向 / 過小評価傾向""}, {""印"": ""☆"", ""馬名"": ""レイワサンサン"", ""3着内率"": 10.4, ""理由"": ""前走人気以上""}]",ワイド,"ワイド型。20,000回の仮想レースで組み合わせ同時好走率を比較し、136候補から上位3点へ圧縮。",57.6,条件付き,ホーリーブライト － ローマンレイク（仮想的中 17.6%）｜ホーリーブライト － スーパーバイザー（仮想的中 16.9%）｜ホーリーブライト － サンマルノヴェル（仮想的中 16.9%）,136候補から上位3点へ圧縮,42.0,見送り,ホーリーブライト － ローマンレイク（仮想的中 8.3%）｜ホーリーブライト － スーパーバイザー（仮想的中 7.2%）,136候補から上位2点へ圧縮,29.6,見送り,ホーリーブライト － サンマルノヴェル － ローマンレイク（仮想的中 3.8%）｜ホーリーブライト － スーパーバイザー － ローマンレイク（仮想的中 3.7%）｜ホーリーブライト － サンマルノヴェル － スーパーバイザー（仮想的中 3.5%）｜サンマルノヴェル － スーパーバイザー － ローマンレイク（仮想的中 2.6%）｜ホーリーブライト － ローマンレイク － サヨノジャンボリー（仮想的中 2.3%）｜ホーリーブライト － スーパーバイザー － サヨノジャンボリー（仮想的中 2.1%）,680候補から上位6点へ圧縮,ワイド 38.4倍,649.7%,17,74.3,C,38.4,649.7,124.8,905.9,443.3,1640.2
