race_id,開催地,レース,荒れ度,判定,荒れクラス,BET期待値,BET判定,BETクラス,BET理由,シミュレーション回数,本命,本命AREru指数,シミュレーション勝率,シミュレーション3着内率,AI適正オッズ,本命理由,人気馬危険,危険度,危険理由,印データ,推奨券種,馬券戦略理由,ワイド評価,ワイド判定,ワイド買い目,ワイド圧縮,馬連評価,馬連判定,馬連買い目,馬連圧縮,三連複評価,三連複判定,三連複買い目,三連複圧縮,合成オッズ,期待回収率,データ頭数,source,買い期待度基礎値,勝負ランク
202655071601,佐賀,1,11.5,平穏,calm,98.0,今日の勝負,battle,地方専用指数（ダート/開催場/近走）,20000,エスプラネード,84.55,64.5,95.9,1.6,ダート適性 / 佐賀実績 / 近走地方好走,シシノステラ,64.7,地方戦績と指数の乖離監視,"[{""印"": ""○"", ""馬名"": ""グリームスター"", ""3着内率"": 62.0, ""理由"": ""ダート適性 / 佐賀実績 / 近走地方好走""}, {""印"": ""▲"", ""馬名"": ""ヴァシーオ"", ""3着内率"": 35.2, ""理由"": ""ダート適性 / 佐賀実績 / 近走地方好走""}, {""印"": ""△"", ""馬名"": ""エメラルドシティー"", ""3着内率"": 48.8, ""理由"": ""ダート適性 / 佐賀実績 / 近走地方好走""}, {""印"": ""☆"", ""馬名"": ""ミシャベル"", ""3着内率"": 23.8, ""理由"": ""ダート適性 / 佐賀実績""}]",ワイド,"NAR専用。ワイド型。ダート/開催場適性を軸に20,000回仮想レースで圧縮。",100.0,買い候補,エスプラネード － グリームスター（仮想的中 58.8%）｜エスプラネード － エメラルドシティー（仮想的中 46.0%）｜エスプラネード － ヴァシーオ（仮想的中 32.9%）,36候補から上位3点へ圧縮,100.0,買い候補,エスプラネード － グリームスター（仮想的中 31.9%）｜エスプラネード － エメラルドシティー（仮想的中 20.7%）,36候補から上位2点へ圧縮,65.4,条件付き,エスプラネード － グリームスター － エメラルドシティー（仮想的中 22.2%）｜エスプラネード － グリームスター － ヴァシーオ（仮想的中 14.6%）｜エスプラネード － エメラルドシティー － ヴァシーオ（仮想的中 9.6%）｜エスプラネード － グリームスター － ミシャベル（仮想的中 9.3%）｜エスプラネード － グリームスター － ツクモナイン（仮想的中 6.9%）,84候補から上位5点へ圧縮,券種別オッズ待ち,オッズ接続後に算出,9,nar,100.0,S
202655071602,佐賀,2,3.2,平穏,calm,96.8,今日の勝負,battle,地方専用指数（ダート/開催場/近走）,20000,キャプテンレガーロ,86.98,44.0,94.3,2.3,ダート適性 / 佐賀実績 / 近走地方好走,サンロンブル,71.7,地方戦績と指数の乖離監視,"[{""印"": ""○"", ""馬名"": ""ユイアヴェニール"", ""3着内率"": 92.3, ""理由"": ""ダート適性 / 佐賀実績 / 近走地方好走""}, {""印"": ""▲"", ""馬名"": ""シズリ"", ""3着内率"": 83.0, ""理由"": ""ダート適性 / 佐賀実績 / 近走地方好走""}, {""印"": ""△"", ""馬名"": ""テクノストロベリー"", ""3着内率"": 14.4, ""理由"": ""ダート適性 / 佐賀実績""}, {""印"": ""☆"", ""馬名"": ""カセノコンコルド"", ""3着内率"": 5.2, ""理由"": ""他場転入 / 近走地方好走""}]",ワイド,"NAR専用。ワイド型。ダート/開催場適性を軸に20,000回仮想レースで圧縮。",100.0,買い候補,キャプテンレガーロ － ユイアヴェニール（仮想的中 86.7%）｜キャプテンレガーロ － シズリ（仮想的中 77.7%）｜ユイアヴェニール － シズリ（仮想的中 75.7%）,66候補から上位3点へ圧縮,100.0,買い候補,キャプテンレガーロ － ユイアヴェニール（仮想的中 45.9%）｜キャプテンレガーロ － シズリ（仮想的中 24.4%）,66候補から上位2点へ圧縮,100.0,買い候補,キャプテンレガーロ － ユイアヴェニール － シズリ（仮想的中 70.6%）,220候補から上位1点へ圧縮,券種別オッズ待ち,オッズ接続後に算出,12,nar,100.0,S
202655071603,佐賀,3,29.1,平穏,calm,95.7,買い候補,target,地方専用指数（ダート/開催場/近走）,20000,カシノフレックス,82.77,45.9,84.9,2.2,ダート適性 / 佐賀実績 / 近走地方好走,アンヘリータス,65.7,地方戦績と指数の乖離監視,"[{""印"": ""○"", ""馬名"": ""アイタカ"", ""3着内率"": 51.2, ""理由"": ""ダート適性 / 佐賀実績 / 近走地方好走""}, {""印"": ""▲"", ""馬名"": ""カシノハンゾウ"", ""3着内率"": 44.8, ""理由"": ""ダート適性 / 佐賀実績 / 近走地方好走""}, {""印"": ""△"", ""馬名"": ""カラクニダケ"", ""3着内率"": 51.0, ""理由"": ""ダート適性 / 佐賀実績 / 近走地方好走""}, {""印"": ""☆"", ""馬名"": ""レーニス"", ""3着内率"": 46.3, ""理由"": ""ダート適性 / 他場転入 / 近走地方好走""}]",ワイド,"NAR専用。ワイド型。ダート/開催場適性を軸に20,000回仮想レースで圧縮。",100.0,買い候補,カシノフレックス － アイタカ（仮想的中 40.6%）｜カシノフレックス － カラクニダケ（仮想的中 40.6%）｜カシノフレックス － レーニス（仮想的中 36.9%）,66候補から上位3点へ圧縮,90.4,買い候補,カシノフレックス － カラクニダケ（仮想的中 18.2%）｜カシノフレックス － アイタカ（仮想的中 17.7%）,66候補から上位2点へ圧縮,64.8,条件付き,カシノフレックス － アイタカ － カラクニダケ（仮想的中 13.4%）｜カシノフレックス － カラクニダケ － レーニス（仮想的中 11.7%）｜カシノフレックス － アイタカ － レーニス（仮想的中 11.7%）｜カシノフレックス － カラクニダケ － カシノハンゾウ（仮想的中 11.1%）｜カシノフレックス － アイタカ － カシノハンゾウ（仮想的中 11.1%）｜カシノフレックス － レーニス － カシノハンゾウ（仮想的中 9.7%）,220候補から上位6点へ圧縮,券種別オッズ待ち,オッズ接続後に算出,12,nar,100.0,A
202655071604,佐賀,4,33.6,平穏,calm,62.0,見送り,skip,地方専用指数（ダート/開催場/近走）,20000,エムズマン,73.07,34.9,75.6,2.9,ダート適性 / 佐賀実績 / 近走地方好走,カナデルエア,62.3,地方戦績と指数の乖離監視,"[{""印"": ""○"", ""馬名"": ""アデリーヌ"", ""3着内率"": 47.8, ""理由"": ""佐賀実績 / 近走地方好走""}, {""印"": ""▲"", ""馬名"": ""カシノフロイデ"", ""3着内率"": 45.8, ""理由"": ""ダート適性 / 佐賀実績 / 近走地方好走""}, {""印"": ""△"", ""馬名"": ""ミラルージュ"", ""3着内率"": 43.2, ""理由"": ""ダート適性 / 佐賀実績""}, {""印"": ""☆"", ""馬名"": ""ウラチャチャ"", ""3着内率"": 33.2, ""理由"": ""佐賀実績 / 近走地方好走""}]",ワイド,"NAR専用。ワイド型。ダート/開催場適性を軸に20,000回仮想レースで圧縮。",96.8,買い候補,エムズマン － アデリーヌ（仮想的中 33.0%）｜エムズマン － カシノフロイデ（仮想的中 31.6%）｜エムズマン － ミラルージュ（仮想的中 29.5%）,55候補から上位3点へ圧縮,67.8,条件付き,エムズマン － アデリーヌ（仮想的中 13.9%）｜エムズマン － カシノフロイデ（仮想的中 12.6%）,55候補から上位2点へ圧縮,44.4,見送り,エムズマン － アデリーヌ － カシノフロイデ（仮想的中 9.6%）｜エムズマン － アデリーヌ － ミラルージュ（仮想的中 8.6%）｜エムズマン － カシノフロイデ － ミラルージュ（仮想的中 8.3%）｜エムズマン － アデリーヌ － ウラチャチャ（仮想的中 6.2%）｜エムズマン － カシノフロイデ － ウラチャチャ（仮想的中 5.7%）｜エムズマン － ミラルージュ － ウラチャチャ（仮想的中 4.9%）,165候補から上位6点へ圧縮,券種別オッズ待ち,オッズ接続後に算出,11,nar,88.9,C
202655071605,佐賀,5,12.3,平穏,calm,94.5,買い候補,target,地方専用指数（ダート/開催場/近走）,20000,アデニウム,83.19,70.6,96.8,1.4,ダート適性 / 佐賀実績 / 近走地方好走,ティアン,58.7,地方戦績と指数の乖離監視,"[{""印"": ""○"", ""馬名"": ""ジュエリーオブラヴ"", ""3着内率"": 50.5, ""理由"": ""ダート適性 / 佐賀実績 / 近走地方好走""}, {""印"": ""▲"", ""馬名"": ""トゥーナアンディ"", ""3着内率"": 40.8, ""理由"": ""ダート適性 / 佐賀実績 / 人気以上傾向""}, {""印"": ""△"", ""馬名"": ""ヘキレキイッセン"", ""3着内率"": 41.0, ""理由"": ""佐賀実績 / 近走地方好走""}, {""印"": ""☆"", ""馬名"": ""フーレイ"", ""3着内率"": 22.8, ""理由"": ""ダート適性 / 佐賀実績""}]",ワイド,"NAR専用。ワイド型。ダート/開催場適性を軸に20,000回仮想レースで圧縮。",100.0,買い候補,アデニウム － ジュエリーオブラヴ（仮想的中 48.3%）｜アデニウム － ヘキレキイッセン（仮想的中 39.2%）｜アデニウム － トゥーナアンディ（仮想的中 38.9%）,55候補から上位3点へ圧縮,100.0,買い候補,アデニウム － ジュエリーオブラヴ（仮想的中 25.4%）｜アデニウム － トゥーナアンディ（仮想的中 18.9%）,55候補から上位2点へ圧縮,49.1,見送り,アデニウム － ジュエリーオブラヴ － ヘキレキイッセン（仮想的中 14.0%）｜アデニウム － ジュエリーオブラヴ － トゥーナアンディ（仮想的中 13.9%）｜アデニウム － ヘキレキイッセン － トゥーナアンディ（仮想的中 10.1%）｜アデニウム － ジュエリーオブラヴ － フーレイ（仮想的中 6.8%）｜アデニウム － ヘキレキイッセン － フーレイ（仮想的中 5.2%）｜アデニウム － トゥーナアンディ － フーレイ（仮想的中 5.0%）,165候補から上位6点へ圧縮,券種別オッズ待ち,オッズ接続後に算出,11,nar,100.0,A
202655071606,佐賀,6,22.0,平穏,calm,93.4,買い候補,target,地方専用指数（ダート/開催場/近走）,20000,ウーバーミッション,83.46,45.8,89.7,2.2,ダート適性 / 佐賀実績 / 近走地方好走,メーリッハベイ,62.0,地方戦績と指数の乖離監視,"[{""印"": ""○"", ""馬名"": ""シンゼンマルノスケ"", ""3着内率"": 74.1, ""理由"": ""ダート適性 / 佐賀実績 / 近走地方好走""}, {""印"": ""▲"", ""馬名"": ""ドリフトウッド"", ""3着内率"": 58.9, ""理由"": ""ダート適性 / 佐賀実績 / 近走地方好走 / 人気以上傾向""}, {""印"": ""△"", ""馬名"": ""グレイトミッション"", ""3着内率"": 41.6, ""理由"": ""ダート適性 / 佐賀実績""}, {""印"": ""☆"", ""馬名"": ""マジョレル"", ""3着内率"": 24.2, ""理由"": ""ダート適性 / 佐賀実績""}]",ワイド,"NAR専用。ワイド型。ダート/開催場適性を軸に20,000回仮想レースで圧縮。",100.0,買い候補,ウーバーミッション － シンゼンマルノスケ（仮想的中 65.1%）｜ウーバーミッション － ドリフトウッド（仮想的中 50.8%）｜シンゼンマルノスケ － ドリフトウッド（仮想的中 38.5%）,45候補から上位3点へ圧縮,100.0,買い候補,ウーバーミッション － シンゼンマルノスケ（仮想的中 32.2%）｜ウーバーミッション － ドリフトウッド（仮想的中 19.2%）,45候補から上位2点へ圧縮,95.0,買い候補,ウーバーミッション － シンゼンマルノスケ － ドリフトウッド（仮想的中 31.6%）｜ウーバーミッション － シンゼンマルノスケ － グレイトミッション（仮想的中 19.1%）｜ウーバーミッション － ドリフトウッド － グレイトミッション（仮想的中 11.0%）｜ウーバーミッション － シンゼンマルノスケ － マジョレル（仮想的中 9.8%）,120候補から上位4点へ圧縮,券種別オッズ待ち,オッズ接続後に算出,10,nar,100.0,A
202655071607,佐賀,7,41.5,注意,caution,44.5,見送り,skip,地方専用指数（ダート/開催場/近走）,20000,エイシンラーラ,77.64,16.9,51.6,5.9,ダート適性 / 佐賀実績 / 近走地方好走,メイショウケンセイ,55.0,地方戦績と指数の乖離監視,"[{""印"": ""○"", ""馬名"": ""エイシンパルサー"", ""3着内率"": 47.2, ""理由"": ""ダート適性 / 佐賀実績 / 近走地方好走""}, {""印"": ""▲"", ""馬名"": ""ドライカプチーノ"", ""3着内率"": 40.1, ""理由"": ""ダート適性 / 佐賀実績 / 近走地方好走""}, {""印"": ""△"", ""馬名"": ""レジェンダイズ"", ""3着内率"": 42.6, ""理由"": ""ダート適性 / 佐賀実績 / 近走地方好走""}, {""印"": ""☆"", ""馬名"": ""ティプシーワールド"", ""3着内率"": 37.4, ""理由"": ""ダート適性 / 佐賀実績 / 近走地方好走""}]",ワイド,"NAR専用。ワイド型。ダート/開催場適性を軸に20,000回仮想レースで圧縮。",60.0,条件付き,エイシンラーラ － エイシンパルサー（仮想的中 20.7%）｜エイシンラーラ － レジェンダイズ（仮想的中 17.8%）｜エイシンラーラ － ドライカプチーノ（仮想的中 16.8%）,66候補から上位3点へ圧縮,34.3,見送り,エイシンラーラ － エイシンパルサー（仮想的中 7.6%）｜エイシンラーラ － レジェンダイズ（仮想的中 6.2%）,66候補から上位2点へ圧縮,29.9,見送り,エイシンラーラ － エイシンパルサー － レジェンダイズ（仮想的中 4.9%）｜エイシンラーラ － エイシンパルサー － ドライカプチーノ（仮想的中 4.3%）｜エイシンラーラ － エイシンパルサー － ティプシーワールド（仮想的中 4.0%）｜エイシンラーラ － レジェンダイズ － ドライカプチーノ（仮想的中 3.5%）｜エイシンラーラ － レジェンダイズ － ティプシーワールド（仮想的中 3.4%）｜エイシンパルサー － レジェンダイズ － ドライカプチーノ（仮想的中 3.4%）,220候補から上位6点へ圧縮,券種別オッズ待ち,オッズ接続後に算出,12,nar,57.9,C
202655071608,佐賀,8,25.7,平穏,calm,76.0,見送り,skip,地方専用指数（ダート/開催場/近走）,20000,ワイドレッド,79.88,39.4,81.5,2.5,ダート適性 / 佐賀実績 / 近走地方好走,ハネガハエテマス,66.3,地方戦績と指数の乖離監視,"[{""印"": ""○"", ""馬名"": ""カンカール"", ""3着内率"": 75.5, ""理由"": ""ダート適性 / 佐賀実績 / 近走地方好走""}, {""印"": ""▲"", ""馬名"": ""サヨノフジ"", ""3着内率"": 51.9, ""理由"": ""ダート適性 / 佐賀実績 / 近走地方好走""}, {""印"": ""△"", ""馬名"": ""カズヴィトシャ"", ""3着内率"": 22.7, ""理由"": ""近走地方好走""}, {""印"": ""☆"", ""馬名"": ""ヒナノマーチス"", ""3着内率"": 14.3, ""理由"": ""ダート適性 / 他場転入 / 近走地方好走 / 人気以上傾向""}]",ワイド,"NAR専用。ワイド型。ダート/開催場適性を軸に20,000回仮想レースで圧縮。",100.0,買い候補,ワイドレッド － カンカール（仮想的中 59.5%）｜ワイドレッド － サヨノフジ（仮想的中 39.5%）｜カンカール － サヨノフジ（仮想的中 35.4%）,66候補から上位3点へ圧縮,100.0,買い候補,ワイドレッド － カンカール（仮想的中 30.9%）｜ワイドレッド － サヨノフジ（仮想的中 15.9%）,66候補から上位2点へ圧縮,77.4,買い候補,ワイドレッド － カンカール － サヨノフジ（仮想的中 24.9%）｜ワイドレッド － カンカール － クリノマイスター（仮想的中 8.9%）｜ワイドレッド － カンカール － カズヴィトシャ（仮想的中 8.7%）,220候補から上位3点へ圧縮,券種別オッズ待ち,オッズ接続後に算出,12,nar,99.6,C
202655071609,佐賀,9,14.5,平穏,calm,92.2,オッズ次第,watch,地方専用指数（ダート/開催場/近走）,20000,ヴィアトル,86.84,64.9,95.2,1.5,ダート適性 / 佐賀実績 / 近走地方好走 / 人気以上傾向,セクシーコマンドー,46.4,地方戦績と指数の乖離監視,"[{""印"": ""○"", ""馬名"": ""カシノエイサップ"", ""3着内率"": 66.0, ""理由"": ""ダート適性 / 佐賀実績 / 近走地方好走""}, {""印"": ""▲"", ""馬名"": ""フェルサイト"", ""3着内率"": 48.3, ""理由"": ""ダート適性 / 佐賀実績 / 近走地方好走""}, {""印"": ""△"", ""馬名"": ""ミランカ"", ""3着内率"": 40.8, ""理由"": ""ダート適性 / 佐賀実績 / 近走地方好走""}, {""印"": ""☆"", ""馬名"": ""グレイストーム"", ""3着内率"": 15.6, ""理由"": ""ダート適性 / 他場転入 / 近走地方好走""}]",ワイド,"NAR専用。ワイド型。ダート/開催場適性を軸に20,000回仮想レースで圧縮。",100.0,買い候補,ヴィアトル － カシノエイサップ（仮想的中 62.2%）｜ヴィアトル － フェルサイト（仮想的中 45.1%）｜ヴィアトル － ミランカ（仮想的中 37.6%）,36候補から上位3点へ圧縮,100.0,買い候補,ヴィアトル － カシノエイサップ（仮想的中 34.0%）｜ヴィアトル － フェルサイト（仮想的中 19.9%）,36候補から上位2点へ圧縮,92.1,買い候補,ヴィアトル － カシノエイサップ － フェルサイト（仮想的中 23.9%）｜ヴィアトル － カシノエイサップ － ミランカ（仮想的中 18.5%）｜ヴィアトル － フェルサイト － ミランカ（仮想的中 10.6%）,84候補から上位3点へ圧縮,券種別オッズ待ち,オッズ接続後に算出,9,nar,100.0,B
202655071610,佐賀,10,26.0,平穏,calm,56.9,見送り,skip,地方専用指数（ダート/開催場/近走）,20000,リュウノプティ,81.13,32.6,70.9,3.1,ダート適性 / 佐賀実績 / 近走地方好走,ハイパーアリュール,55.5,地方戦績と指数の乖離監視,"[{""印"": ""○"", ""馬名"": ""フランシーヌ"", ""3着内率"": 62.8, ""理由"": ""ダート適性 / 佐賀実績 / 近走地方好走""}, {""印"": ""▲"", ""馬名"": ""オッハッピー"", ""3着内率"": 43.0, ""理由"": ""ダート適性 / 佐賀実績 / 近走地方好走""}, {""印"": ""△"", ""馬名"": ""アメアメフレフレ"", ""3着内率"": 34.9, ""理由"": ""ダート適性 / 佐賀実績 / 近走地方好走""}, {""印"": ""☆"", ""馬名"": ""マイントップスター"", ""3着内率"": 23.7, ""理由"": ""ダート適性 / 佐賀実績""}]",ワイド,"NAR専用。ワイド型。ダート/開催場適性を軸に20,000回仮想レースで圧縮。",92.9,買い候補,リュウノプティ － フランシーヌ（仮想的中 41.7%）｜リュウノプティ － オッハッピー（仮想的中 27.0%）｜フランシーヌ － オッハッピー（仮想的中 22.9%）,66候補から上位3点へ圧縮,69.8,条件付き,リュウノプティ － フランシーヌ（仮想的中 18.4%）｜リュウノプティ － オッハッピー（仮想的中 10.7%）,66候補から上位2点へ圧縮,39.5,見送り,リュウノプティ － フランシーヌ － オッハッピー（仮想的中 12.1%）｜リュウノプティ － フランシーヌ － アメアメフレフレ（仮想的中 9.2%）｜リュウノプティ － フランシーヌ － マイントップスター（仮想的中 5.6%）｜リュウノプティ － オッハッピー － アメアメフレフレ（仮想的中 4.8%）｜リュウノプティ － フランシーヌ － モラール（仮想的中 4.3%）｜フランシーヌ － オッハッピー － アメアメフレフレ（仮想的中 3.4%）,220候補から上位6点へ圧縮,券種別オッズ待ち,オッズ接続後に算出,12,nar,85.1,C
202650071601,園田,1,35.4,平穏,calm,52.8,見送り,skip,地方専用指数（ダート/開催場/近走）,20000,サクラヴィグール,77.57,34.5,73.2,2.9,ダート適性 / 園田実績 / 近走地方好走,メイショウロンド,56.0,地方戦績と指数の乖離監視,"[{""印"": ""○"", ""馬名"": ""グランロゼ"", ""3着内率"": 52.2, ""理由"": ""ダート適性 / 園田実績 / 近走地方好走""}, {""印"": ""▲"", ""馬名"": ""クリスバーグ"", ""3着内率"": 52.0, ""理由"": ""ダート適性 / 園田実績 / 近走地方好走""}, {""印"": ""△"", ""馬名"": ""カコウガン"", ""3着内率"": 47.4, ""理由"": ""ダート適性 / 園田実績 / 近走地方好走""}, {""印"": ""☆"", ""馬名"": ""リザンテラ"", ""3着内率"": 36.6, ""理由"": ""ダート適性 / 園田実績 / 近走地方好走 / 人気以上傾向""}]",ワイド,"NAR専用。ワイド型。ダート/開催場適性を軸に20,000回仮想レースで圧縮。",99.7,買い候補,サクラヴィグール － グランロゼ（仮想的中 34.8%）｜サクラヴィグール － クリスバーグ（仮想的中 34.6%）｜サクラヴィグール － カコウガン（仮想的中 30.9%）,45候補から上位3点へ圧縮,68.4,条件付き,サクラヴィグール － クリスバーグ（仮想的中 14.0%）｜サクラヴィグール － グランロゼ（仮想的中 13.3%）,45候補から上位2点へ圧縮,51.9,見送り,サクラヴィグール － クリスバーグ － グランロゼ（仮想的中 11.9%）｜サクラヴィグール － クリスバーグ － カコウガン（仮想的中 10.1%）｜サクラヴィグール － グランロゼ － カコウガン（仮想的中 9.9%）｜サクラヴィグール － グランロゼ － リザンテラ（仮想的中 6.9%）｜サクラヴィグール － クリスバーグ － リザンテラ（仮想的中 6.7%）｜サクラヴィグール － カコウガン － リザンテラ（仮想的中 6.0%）,120候補から上位6点へ圧縮,券種別オッズ待ち,オッズ接続後に算出,10,nar,79.1,C
202650071602,園田,2,10.0,平穏,calm,91.1,オッズ次第,watch,地方専用指数（ダート/開催場/近走）,20000,シビックシャルル,87.35,44.9,95.2,2.2,ダート適性 / 園田実績 / 近走地方好走,リンガスウォリアー,62.9,地方戦績と指数の乖離監視,"[{""印"": ""○"", ""馬名"": ""ワレラホシノコ"", ""3着内率"": 94.7, ""理由"": ""ダート適性 / 園田実績 / 近走地方好走""}, {""印"": ""▲"", ""馬名"": ""スカイアクセル"", ""3着内率"": 49.1, ""理由"": ""ダート適性 / 園田実績 / 近走地方好走""}, {""印"": ""△"", ""馬名"": ""ミストレビノ"", ""3着内率"": 17.5, ""理由"": ""ダート適性 / 園田実績 / 人気以上傾向""}, {""印"": ""☆"", ""馬名"": ""ハルサメ"", ""3着内率"": 19.0, ""理由"": ""ダート適性 / 園田実績""}]",ワイド,"NAR専用。ワイド型。ダート/開催場適性を軸に20,000回仮想レースで圧縮。",100.0,買い候補,シビックシャルル － ワレラホシノコ（仮想的中 90.0%）｜シビックシャルル － スカイアクセル（仮想的中 45.7%）｜ワレラホシノコ － スカイアクセル（仮想的中 45.2%）,45候補から上位3点へ圧縮,100.0,買い候補,シビックシャルル － ワレラホシノコ（仮想的中 65.4%）,45候補から上位1点へ圧縮,100.0,買い候補,シビックシャルル － ワレラホシノコ － スカイアクセル（仮想的中 42.0%）｜シビックシャルル － ワレラホシノコ － ハルサメ（仮想的中 15.1%）｜シビックシャルル － ワレラホシノコ － ミストレビノ（仮想的中 13.8%）,120候補から上位3点へ圧縮,券種別オッズ待ち,オッズ接続後に算出,10,nar,100.0,B
202650071603,園田,3,67.8,波乱,wave,42.3,見送り,skip,地方専用指数（ダート/開催場/近走）,20000,ポワソンドール,43.5,20.7,60.8,4.8,地方履歴少,プリンセスロード,56.5,地方戦績と指数の乖離監視,"[{""印"": ""○"", ""馬名"": ""クイーンピロコ"", ""3着内率"": 60.0, ""理由"": ""地方履歴少""}, {""印"": ""▲"", ""馬名"": ""マイクロフォン"", ""3着内率"": 59.9, ""理由"": ""地方履歴少""}, {""印"": ""△"", ""馬名"": ""プリンセスロード"", ""3着内率"": 59.7, ""理由"": ""地方履歴少""}, {""印"": ""☆"", ""馬名"": ""クールスカイ"", ""3着内率"": 59.6, ""理由"": ""地方履歴少""}]",ワイド,"NAR専用。ワイド型。ダート/開催場適性を軸に20,000回仮想レースで圧縮。",88.4,買い候補,マイクロフォン － ポワソンドール（仮想的中 30.7%）｜クイーンピロコ － ポワソンドール（仮想的中 30.5%）｜クールスカイ － ポワソンドール（仮想的中 30.3%）,10候補から上位3点へ圧縮,47.8,見送り,マイクロフォン － ポワソンドール（仮想的中 10.5%）｜クールスカイ － ポワソンドール（仮想的中 10.2%）,10候補から上位2点へ圧縮,67.4,条件付き,クイーンピロコ － マイクロフォン － ポワソンドール（仮想的中 10.4%）｜クールスカイ － マイクロフォン － ポワソンドール（仮想的中 10.2%）｜プリンセスロード － クイーンピロコ － ポワソンドール（仮想的中 10.1%）｜プリンセスロード － マイクロフォン － ポワソンドール（仮想的中 10.0%）｜クイーンピロコ － クールスカイ － ポワソンドール（仮想的中 10.0%）｜プリンセスロード － クールスカイ － ポワソンドール（仮想的中 10.0%）,10候補から上位6点へ圧縮,券種別オッズ待ち,オッズ接続後に算出,5,nar,49.1,C
202650071604,園田,4,24.8,平穏,calm,67.1,見送り,skip,地方専用指数（ダート/開催場/近走）,20000,エイシンジコクテン,86.78,38.0,81.8,2.6,ダート適性 / 園田実績 / 近走地方好走,メイショウサザナミ,67.9,地方戦績と指数の乖離監視,"[{""印"": ""○"", ""馬名"": ""レベッカレインボー"", ""3着内率"": 78.5, ""理由"": ""ダート適性 / 園田実績 / 近走地方好走""}, {""印"": ""▲"", ""馬名"": ""モルツシャン"", ""3着内率"": 49.9, ""理由"": ""ダート適性 / 園田実績 / 近走地方好走""}, {""印"": ""△"", ""馬名"": ""ラスアルハイマ"", ""3着内率"": 33.9, ""理由"": ""ダート適性 / 園田実績 / 近走地方好走""}, {""印"": ""☆"", ""馬名"": ""フルリール"", ""3着内率"": 36.2, ""理由"": ""ダート適性 / 園田実績 / 近走地方好走""}]",ワイド,"NAR専用。ワイド型。ダート/開催場適性を軸に20,000回仮想レースで圧縮。",100.0,買い候補,エイシンジコクテン － レベッカレインボー（仮想的中 62.5%）｜エイシンジコクテン － モルツシャン（仮想的中 37.2%）｜レベッカレインボー － モルツシャン（仮想的中 35.1%）,45候補から上位3点へ圧縮,97.9,買い候補,エイシンジコクテン － レベッカレインボー（仮想的中 33.0%）｜エイシンジコクテン － モルツシャン（仮想的中 12.0%）,45候補から上位2点へ圧縮,97.7,買い候補,エイシンジコクテン － レベッカレインボー － モルツシャン（仮想的中 24.3%）｜エイシンジコクテン － レベッカレインボー － フルリール（仮想的中 15.9%）｜エイシンジコクテン － レベッカレインボー － ラスアルハイマ（仮想的中 14.6%）,120候補から上位3点へ圧縮,券種別オッズ待ち,オッズ接続後に算出,10,nar,92.9,C
202650071605,園田,5,20.5,平穏,calm,89.9,オッズ次第,watch,地方専用指数（ダート/開催場/近走）,20000,ゴールデンスキーム,77.59,61.6,93.9,1.6,ダート適性 / 園田実績 / 近走地方好走,キタノハヤブサ,68.3,地方戦績と指数の乖離監視,"[{""印"": ""○"", ""馬名"": ""モウショウ"", ""3着内率"": 42.9, ""理由"": ""ダート適性 / 園田実績""}, {""印"": ""▲"", ""馬名"": ""コインアフレーズ"", ""3着内率"": 40.0, ""理由"": ""ダート適性 / 他場転入 / 近走地方好走""}, {""印"": ""△"", ""馬名"": ""グルーヴグルーヴ"", ""3着内率"": 34.0, ""理由"": ""園田実績""}, {""印"": ""☆"", ""馬名"": ""クリノコウテイ"", ""3着内率"": 29.1, ""理由"": ""ダート適性 / 近走地方好走""}]",ワイド,"NAR専用。ワイド型。ダート/開催場適性を軸に20,000回仮想レースで圧縮。",100.0,買い候補,ゴールデンスキーム － モウショウ（仮想的中 39.4%）｜ゴールデンスキーム － コインアフレーズ（仮想的中 36.7%）｜ゴールデンスキーム － グルーヴグルーヴ（仮想的中 31.0%）,66候補から上位3点へ圧縮,100.0,買い候補,ゴールデンスキーム － モウショウ（仮想的中 19.3%）｜ゴールデンスキーム － コインアフレーズ（仮想的中 16.1%）,66候補から上位2点へ圧縮,43.1,見送り,ゴールデンスキーム － モウショウ － コインアフレーズ（仮想的中 10.6%）｜ゴールデンスキーム － モウショウ － グルーヴグルーヴ（仮想的中 8.5%）｜ゴールデンスキーム － コインアフレーズ － グルーヴグルーヴ（仮想的中 7.8%）｜ゴールデンスキーム － モウショウ － クリノコウテイ（仮想的中 7.2%）｜ゴールデンスキーム － コインアフレーズ － クリノコウテイ（仮想的中 6.1%）｜ゴールデンスキーム － グルーヴグルーヴ － クリノコウテイ（仮想的中 5.3%）,220候補から上位6点へ圧縮,券種別オッズ待ち,オッズ接続後に算出,12,nar,100.0,B
202650071606,園田,6,24.8,平穏,calm,69.6,見送り,skip,地方専用指数（ダート/開催場/近走）,20000,メイショウシブキ,78.48,37.4,80.1,2.7,ダート適性 / 園田実績 / 近走地方好走,ミライチケット,56.0,地方戦績と指数の乖離監視,"[{""印"": ""○"", ""馬名"": ""アグネスサンキ"", ""3着内率"": 80.0, ""理由"": ""ダート適性 / 園田実績 / 近走地方好走""}, {""印"": ""▲"", ""馬名"": ""クルシファー"", ""3着内率"": 34.9, ""理由"": ""ダート適性 / 園田実績 / 近走地方好走""}, {""印"": ""△"", ""馬名"": ""エザルターレ"", ""3着内率"": 20.1, ""理由"": ""園田実績 / 人気以上傾向""}, {""印"": ""☆"", ""馬名"": ""スターオブアダム"", ""3着内率"": 25.4, ""理由"": ""ダート適性 / 園田実績 / 近走地方好走""}]",ワイド,"NAR専用。ワイド型。ダート/開催場適性を軸に20,000回仮想レースで圧縮。",100.0,買い候補,メイショウシブキ － アグネスサンキ（仮想的中 62.5%）,45候補から上位1点へ圧縮,100.0,買い候補,メイショウシブキ － アグネスサンキ（仮想的中 35.6%）,45候補から上位1点へ圧縮,56.2,条件付き,メイショウシブキ － アグネスサンキ － クルシファー（仮想的中 16.7%）｜メイショウシブキ － アグネスサンキ － スターオブアダム（仮想的中 11.4%）｜メイショウシブキ － アグネスサンキ － マジェンカ（仮想的中 9.2%）｜メイショウシブキ － アグネスサンキ － エザルターレ（仮想的中 8.5%）｜メイショウシブキ － アグネスサンキ － タマゴ（仮想的中 7.8%）｜メイショウシブキ － アグネスサンキ － マエストロライト（仮想的中 6.4%）,120候補から上位6点へ圧縮,券種別オッズ待ち,オッズ接続後に算出,10,nar,94.1,C
202650071607,園田,7,27.8,平穏,calm,70.8,見送り,skip,地方専用指数（ダート/開催場/近走）,20000,ブラッドショー,85.5,45.2,84.7,2.2,ダート適性 / 園田実績 / 近走地方好走,ホウオウサムレット,43.8,地方戦績と指数の乖離監視,"[{""印"": ""○"", ""馬名"": ""リケアマキアート"", ""3着内率"": 61.9, ""理由"": ""ダート適性 / 園田実績 / 近走地方好走""}, {""印"": ""▲"", ""馬名"": ""ナリタセレーノ"", ""3着内率"": 49.3, ""理由"": ""ダート適性 / 園田実績 / 近走地方好走 / 人気以上傾向""}, {""印"": ""△"", ""馬名"": ""チェリータイム"", ""3着内率"": 30.8, ""理由"": ""ダート適性 / 園田実績 / 近走地方好走 / 人気以上傾向""}, {""印"": ""☆"", ""馬名"": ""マットーネロッソ"", ""3着内率"": 30.6, ""理由"": ""ダート適性 / 園田実績 / 近走地方好走""}]",ワイド,"NAR専用。ワイド型。ダート/開催場適性を軸に20,000回仮想レースで圧縮。",100.0,買い候補,ブラッドショー － リケアマキアート（仮想的中 50.4%）｜ブラッドショー － ナリタセレーノ（仮想的中 39.3%）｜リケアマキアート － ナリタセレーノ（仮想的中 25.1%）,45候補から上位3点へ圧縮,99.5,買い候補,ブラッドショー － リケアマキアート（仮想的中 25.5%）｜ブラッドショー － ナリタセレーノ（仮想的中 16.8%）,45候補から上位2点へ圧縮,58.5,条件付き,ブラッドショー － リケアマキアート － ナリタセレーノ（仮想的中 18.1%）｜ブラッドショー － リケアマキアート － チェリータイム（仮想的中 10.2%）｜ブラッドショー － リケアマキアート － マットーネロッソ（仮想的中 10.1%）｜ブラッドショー － ナリタセレーノ － チェリータイム（仮想的中 6.7%）｜ブラッドショー － ナリタセレーノ － マットーネロッソ（仮想的中 6.3%）,120候補から上位5点へ圧縮,券種別オッズ待ち,オッズ接続後に算出,10,nar,94.8,C
202650071608,園田,8,8.4,平穏,calm,59.7,見送り,skip,地方専用指数（ダート/開催場/近走）,20000,マダムホーク,77.89,46.5,90.8,2.2,ダート適性 / 園田実績 / 近走地方好走 / 人気以上傾向,スマラグドス,64.8,地方戦績と指数の乖離監視,"[{""印"": ""○"", ""馬名"": ""オズモポリタン"", ""3着内率"": 80.1, ""理由"": ""ダート適性 / 園田実績 / 近走地方好走""}, {""印"": ""▲"", ""馬名"": ""シンリミテス"", ""3着内率"": 75.8, ""理由"": ""ダート適性 / 他場転入 / 近走地方好走""}, {""印"": ""△"", ""馬名"": ""ニホンピロハーバー"", ""3着内率"": 41.1, ""理由"": ""園田実績""}, {""印"": ""☆"", ""馬名"": ""アーマルコライト"", ""3着内率"": 7.4, ""理由"": ""地方総合評価""}]",ワイド,"NAR専用。ワイド型。ダート/開催場適性を軸に20,000回仮想レースで圧縮。",100.0,買い候補,マダムホーク － オズモポリタン（仮想的中 71.3%）｜マダムホーク － シンリミテス（仮想的中 67.2%）｜オズモポリタン － シンリミテス（仮想的中 57.2%）,21候補から上位3点へ圧縮,100.0,買い候補,マダムホーク － オズモポリタン（仮想的中 36.7%）｜マダムホーク － シンリミテス（仮想的中 24.9%）,21候補から上位2点へ圧縮,100.0,買い候補,マダムホーク － オズモポリタン － シンリミテス（仮想的中 49.0%）｜マダムホーク － オズモポリタン － ニホンピロハーバー（仮想的中 17.7%）｜マダムホーク － シンリミテス － ニホンピロハーバー（仮想的中 14.6%）,35候補から上位3点へ圧縮,券種別オッズ待ち,オッズ接続後に算出,7,nar,88.6,C
202650071609,園田,9,19.0,平穏,calm,68.3,見送り,skip,地方専用指数（ダート/開催場/近走）,20000,エルグランゴラッソ,86.04,52.7,88.4,1.9,ダート適性 / 園田実績 / 近走地方好走,ヘルツアス,57.5,地方戦績と指数の乖離監視,"[{""印"": ""○"", ""馬名"": ""ミキヨウッドテール"", ""3着内率"": 45.3, ""理由"": ""ダート適性 / 園田実績 / 近走地方好走""}, {""印"": ""▲"", ""馬名"": ""カネミツエース"", ""3着内率"": 45.7, ""理由"": ""ダート適性 / 園田実績 / 近走地方好走""}, {""印"": ""△"", ""馬名"": ""ハングタイム"", ""3着内率"": 31.5, ""理由"": ""ダート適性 / 園田実績 / 近走地方好走""}, {""印"": ""☆"", ""馬名"": ""イスラアズール"", ""3着内率"": 21.4, ""理由"": ""ダート適性 / 園田実績 / 近走地方好走""}]",ワイド,"NAR専用。ワイド型。ダート/開催場適性を軸に20,000回仮想レースで圧縮。",100.0,買い候補,エルグランゴラッソ － カネミツエース（仮想的中 38.7%）｜エルグランゴラッソ － ミキヨウッドテール（仮想的中 38.2%）｜エルグランゴラッソ － ハングタイム（仮想的中 26.2%）,45候補から上位3点へ圧縮,97.1,買い候補,エルグランゴラッソ － カネミツエース（仮想的中 18.9%）｜エルグランゴラッソ － ミキヨウッドテール（仮想的中 17.8%）,45候補から上位2点へ圧縮,40.8,見送り,エルグランゴラッソ － カネミツエース － ミキヨウッドテール（仮想的中 12.0%）｜エルグランゴラッソ － カネミツエース － ハングタイム（仮想的中 7.3%）｜エルグランゴラッソ － ミキヨウッドテール － ハングタイム（仮想的中 7.2%）｜エルグランゴラッソ － カネミツエース － ニシノベニトアイト（仮想的中 5.9%）｜エルグランゴラッソ － ミキヨウッドテール － ニシノベニトアイト（仮想的中 5.8%）｜エルグランゴラッソ － カネミツエース － スターアイセーラ（仮想的中 4.7%）,120候補から上位6点へ圧縮,券種別オッズ待ち,オッズ接続後に算出,10,nar,93.1,C
202650071610,園田,10,15.1,平穏,calm,88.8,オッズ次第,watch,地方専用指数（ダート/開催場/近走）,20000,アンノドミニ,84.01,43.7,93.8,2.3,ダート適性 / 園田実績 / 近走地方好走,ブルーデイジー,64.8,地方戦績と指数の乖離監視,"[{""印"": ""○"", ""馬名"": ""カワキタホクレア"", ""3着内率"": 92.9, ""理由"": ""ダート適性 / 園田実績 / 近走地方好走""}, {""印"": ""▲"", ""馬名"": ""ムーンガーデン"", ""3着内率"": 49.8, ""理由"": ""ダート適性 / 園田実績 / 近走地方好走 / 人気以上傾向""}, {""印"": ""△"", ""馬名"": ""リボンピーチ"", ""3着内率"": 31.9, ""理由"": ""園田実績 / 近走地方好走 / 人気以上傾向""}, {""印"": ""☆"", ""馬名"": ""スナークドリアン"", ""3着内率"": 14.7, ""理由"": ""ダート適性""}]",ワイド,"NAR専用。ワイド型。ダート/開催場適性を軸に20,000回仮想レースで圧縮。",100.0,買い候補,アンノドミニ － カワキタホクレア（仮想的中 86.9%）｜アンノドミニ － ムーンガーデン（仮想的中 45.0%）｜カワキタホクレア － ムーンガーデン（仮想的中 44.4%）,45候補から上位3点へ圧縮,100.0,買い候補,アンノドミニ － カワキタホクレア（仮想的中 57.8%）,45候補から上位1点へ圧縮,100.0,買い候補,アンノドミニ － カワキタホクレア － ムーンガーデン（仮想的中 39.7%）｜アンノドミニ － カワキタホクレア － リボンピーチ（仮想的中 24.1%）,120候補から上位2点へ圧縮,券種別オッズ待ち,オッズ接続後に算出,10,nar,100.0,B
202650071611,園田,11,19.1,平穏,calm,74.6,見送り,skip,地方専用指数（ダート/開催場/近走）,20000,インベルシオン,84.29,45.4,87.9,2.2,ダート適性 / 園田実績 / 近走地方好走,メイショウハクサン,43.6,地方戦績と指数の乖離監視,"[{""印"": ""○"", ""馬名"": ""テーオーターナー"", ""3着内率"": 52.1, ""理由"": ""ダート適性 / 園田実績 / 近走地方好走 / 人気以上傾向""}, {""印"": ""▲"", ""馬名"": ""オケマル"", ""3着内率"": 56.4, ""理由"": ""ダート適性 / 園田実績 / 近走地方好走""}, {""印"": ""△"", ""馬名"": ""タイキフォース"", ""3着内率"": 46.0, ""理由"": ""ダート適性 / 園田実績 / 近走地方好走""}, {""印"": ""☆"", ""馬名"": ""スマイルサルファー"", ""3着内率"": 20.0, ""理由"": ""ダート適性 / 園田実績""}]",ワイド,"NAR専用。ワイド型。ダート/開催場適性を軸に20,000回仮想レースで圧縮。",100.0,買い候補,インベルシオン － オケマル（仮想的中 47.5%）｜インベルシオン － テーオーターナー（仮想的中 43.8%）｜インベルシオン － タイキフォース（仮想的中 38.3%）,36候補から上位3点へ圧縮,98.7,買い候補,インベルシオン － オケマル（仮想的中 22.7%）｜インベルシオン － テーオーターナー（仮想的中 19.0%）,36候補から上位2点へ圧縮,68.8,条件付き,インベルシオン － オケマル － テーオーターナー（仮想的中 17.9%）｜インベルシオン － オケマル － タイキフォース（仮想的中 14.8%）｜インベルシオン － テーオーターナー － タイキフォース（仮想的中 13.1%）｜インベルシオン － オケマル － スマイルサルファー（仮想的中 5.3%）,84候補から上位4点へ圧縮,券種別オッズ待ち,オッズ接続後に算出,9,nar,97.4,C
202650071612,園田,12,9.8,平穏,calm,87.6,オッズ次第,watch,地方専用指数（ダート/開催場/近走）,20000,ベラドンナリリー,87.92,50.6,92.8,2.0,ダート適性 / 園田実績 / 近走地方好走,ワキノノーブル,65.4,地方戦績と指数の乖離監視,"[{""印"": ""○"", ""馬名"": ""ゴッドアマベル"", ""3着内率"": 86.9, ""理由"": ""ダート適性 / 園田実績 / 近走地方好走""}, {""印"": ""▲"", ""馬名"": ""バイシュウ"", ""3着内率"": 41.4, ""理由"": ""ダート適性 / 園田実績 / 近走地方好走""}, {""印"": ""△"", ""馬名"": ""シリアスヒッター"", ""3着内率"": 23.5, ""理由"": ""ダート適性 / 園田実績 / 近走地方好走""}, {""印"": ""☆"", ""馬名"": ""ソレア"", ""3着内率"": 16.9, ""理由"": ""ダート適性 / 園田実績""}]",ワイド,"NAR専用。ワイド型。ダート/開催場適性を軸に20,000回仮想レースで圧縮。",100.0,買い候補,ベラドンナリリー － ゴッドアマベル（仮想的中 80.2%）｜ベラドンナリリー － バイシュウ（仮想的中 37.0%）,66候補から上位2点へ圧縮,100.0,買い候補,ベラドンナリリー － ゴッドアマベル（仮想的中 52.4%）,66候補から上位1点へ圧縮,84.5,買い候補,ベラドンナリリー － ゴッドアマベル － バイシュウ（仮想的中 29.4%）｜ベラドンナリリー － ゴッドアマベル － シリアスヒッター（仮想的中 15.2%）｜ベラドンナリリー － ゴッドアマベル － ソレア（仮想的中 11.0%）｜ベラドンナリリー － ゴッドアマベル － ミニフィーユ（仮想的中 10.2%）,220候補から上位4点へ圧縮,券種別オッズ待ち,オッズ接続後に算出,12,nar,100.0,B
202642071601,浦和,1,37.3,平穏,calm,48.6,見送り,skip,地方専用指数（ダート/開催場/近走）,20000,タイムレスブルーム,70.49,31.9,72.2,3.1,ダート適性 / 浦和実績 / 近走地方好走,プリンセスパリー,55.5,地方戦績と指数の乖離監視,"[{""印"": ""○"", ""馬名"": ""ルラクソント"", ""3着内率"": 59.7, ""理由"": ""ダート適性 / 浦和実績 / 近走地方好走""}, {""印"": ""▲"", ""馬名"": ""ノワスティエ"", ""3着内率"": 42.6, ""理由"": ""浦和実績 / 近走地方好走""}, {""印"": ""△"", ""馬名"": ""ハヌマーンビーチ"", ""3着内率"": 43.1, ""理由"": ""ダート適性 / 浦和実績""}, {""印"": ""☆"", ""馬名"": ""アルファウィンザー"", ""3着内率"": 35.5, ""理由"": ""ダート適性 / 他場転入""}]",ワイド,"NAR専用。ワイド型。ダート/開催場適性を軸に20,000回仮想レースで圧縮。",95.5,買い候補,タイムレスブルーム － ルラクソント（仮想的中 40.1%）｜タイムレスブルーム － ハヌマーンビーチ（仮想的中 27.1%）｜タイムレスブルーム － ノワスティエ（仮想的中 27.1%）,36候補から上位3点へ圧縮,69.0,条件付き,タイムレスブルーム － ルラクソント（仮想的中 18.2%）｜タイムレスブルーム － ハヌマーンビーチ（仮想的中 10.8%）,36候補から上位2点へ圧縮,47.8,見送り,タイムレスブルーム － ルラクソント － ノワスティエ（仮想的中 11.0%）｜タイムレスブルーム － ルラクソント － ハヌマーンビーチ（仮想的中 10.9%）｜タイムレスブルーム － ルラクソント － アルファウィンザー（仮想的中 8.5%）｜タイムレスブルーム － ハヌマーンビーチ － ノワスティエ（仮想的中 6.1%）｜タイムレスブルーム － ハヌマーンビーチ － アルファウィンザー（仮想的中 4.9%）｜タイムレスブルーム － ノワスティエ － アルファウィンザー（仮想的中 4.8%）,84候補から上位6点へ圧縮,券種別オッズ待ち,オッズ接続後に算出,9,nar,73.1,C
202642071602,浦和,2,44.3,注意,caution,45.7,見送り,skip,地方専用指数（ダート/開催場/近走）,20000,ヤギリパール,66.63,16.6,49.6,6.0,ダート適性 / 他場転入 / 近走地方好走,ルミナスストーン,52.5,地方戦績と指数の乖離監視,"[{""印"": ""○"", ""馬名"": ""キングハービン"", ""3着内率"": 47.1, ""理由"": ""ダート適性 / 浦和実績""}, {""印"": ""▲"", ""馬名"": ""キサラフラッシュ"", ""3着内率"": 47.2, ""理由"": ""ダート適性 / 浦和実績""}, {""印"": ""△"", ""馬名"": ""ジーティーグレース"", ""3着内率"": 48.8, ""理由"": ""ダート適性 / 浦和実績 / 近走地方好走""}, {""印"": ""☆"", ""馬名"": ""エムワンワークス"", ""3着内率"": 18.2, ""理由"": ""他場転入""}]",ワイド,"NAR専用。ワイド型。ダート/開催場適性を軸に20,000回仮想レースで圧縮。",61.7,条件付き,ヤギリパール － ジーティーグレース（仮想的中 20.6%）｜ヤギリパール － キサラフラッシュ（仮想的中 19.3%）｜ヤギリパール － キングハービン（仮想的中 19.3%）,55候補から上位3点へ圧縮,36.1,見送り,ジーティーグレース － キングハービン（仮想的中 7.6%）｜ヤギリパール － ジーティーグレース（仮想的中 7.6%）,55候補から上位2点へ圧縮,33.1,見送り,ヤギリパール － ジーティーグレース － キサラフラッシュ（仮想的中 5.6%）｜ヤギリパール － ジーティーグレース － キングハービン（仮想的中 5.5%）｜ジーティーグレース － キサラフラッシュ － キングハービン（仮想的中 5.0%）｜ヤギリパール － キサラフラッシュ － キングハービン（仮想的中 4.8%）｜ヤギリパール － キングハービン － エムティライカ（仮想的中 2.7%）｜ヤギリパール － ジーティーグレース － エムティライカ（仮想的中 2.6%）,165候補から上位6点へ圧縮,券種別オッズ待ち,オッズ接続後に算出,11,nar,58.6,C
202642071603,浦和,3,6.8,平穏,calm,65.7,見送り,skip,地方専用指数（ダート/開催場/近走）,20000,ユウユウコクトバ,84.71,87.4,99.6,1.1,ダート適性 / 浦和実績 / 近走地方好走,ダイバマアヤ,62.2,地方戦績と指数の乖離監視,"[{""印"": ""○"", ""馬名"": ""ユウユウキュラソー"", ""3着内率"": 54.0, ""理由"": ""近走地方好走""}, {""印"": ""▲"", ""馬名"": ""ユウユウヒレシュ"", ""3着内率"": 54.8, ""理由"": ""ダート適性 / 浦和実績""}, {""印"": ""△"", ""馬名"": ""ユウユウウタゲ"", ""3着内率"": 44.5, ""理由"": ""ダート適性 / 浦和実績""}, {""印"": ""☆"", ""馬名"": ""ビナドリーム"", ""3着内率"": 31.3, ""理由"": ""近走地方好走""}]",ワイド,"NAR専用。ワイド型。ダート/開催場適性を軸に20,000回仮想レースで圧縮。",100.0,買い候補,ユウユウコクトバ － ユウユウヒレシュ（仮想的中 54.5%）｜ユウユウコクトバ － ユウユウキュラソー（仮想的中 53.7%）｜ユウユウコクトバ － ユウユウウタゲ（仮想的中 44.3%）,21候補から上位3点へ圧縮,100.0,買い候補,ユウユウコクトバ － ユウユウヒレシュ（仮想的中 32.0%）｜ユウユウコクトバ － ユウユウキュラソー（仮想的中 24.4%）,21候補から上位2点へ圧縮,71.7,買い候補,ユウユウコクトバ － ユウユウヒレシュ － ユウユウキュラソー（仮想的中 22.3%）｜ユウユウコクトバ － ユウユウヒレシュ － ユウユウウタゲ（仮想的中 16.8%）｜ユウユウコクトバ － ユウユウキュラソー － ユウユウウタゲ（仮想的中 16.1%）｜ユウユウコクトバ － ユウユウキュラソー － ビナドリーム（仮想的中 11.1%）｜ユウユウコクトバ － ユウユウヒレシュ － ビナドリーム（仮想的中 10.4%）｜ユウユウコクトバ － ユウユウウタゲ － ビナドリーム（仮想的中 7.7%）,35候補から上位6点へ圧縮,券種別オッズ待ち,オッズ接続後に算出,7,nar,90.6,C
202642071604,浦和,4,31.0,平穏,calm,51.6,見送り,skip,地方専用指数（ダート/開催場/近走）,20000,ロベルタインパクト,76.59,26.8,65.5,3.7,ダート適性 / 浦和実績,ルナティックアイ,59.3,地方戦績と指数の乖離監視,"[{""印"": ""○"", ""馬名"": ""セイダンシング"", ""3着内率"": 62.1, ""理由"": ""ダート適性 / 浦和実績 / 近走地方好走 / 人気以上傾向""}, {""印"": ""▲"", ""馬名"": ""エーアイキリシマ"", ""3着内率"": 56.5, ""理由"": ""ダート適性 / 浦和実績 / 近走地方好走""}, {""印"": ""△"", ""馬名"": ""スペルガッサン"", ""3着内率"": 30.8, ""理由"": ""ダート適性 / 他場転入 / 近走地方好走""}, {""印"": ""☆"", ""馬名"": ""ピノモラーン"", ""3着内率"": 22.3, ""理由"": ""ダート適性 / 浦和実績 / 近走地方好走""}]",ワイド,"NAR専用。ワイド型。ダート/開催場適性を軸に20,000回仮想レースで圧縮。",97.3,買い候補,ロベルタインパクト － セイダンシング（仮想的中 37.4%）｜ロベルタインパクト － エーアイキリシマ（仮想的中 33.4%）｜セイダンシング － エーアイキリシマ（仮想的中 31.1%）,66候補から上位3点へ圧縮,65.6,条件付き,ロベルタインパクト － セイダンシング（仮想的中 16.9%）｜ロベルタインパクト － エーアイキリシマ（仮想的中 12.5%）,66候補から上位2点へ圧縮,47.3,見送り,ロベルタインパクト － セイダンシング － エーアイキリシマ（仮想的中 15.5%）｜ロベルタインパクト － セイダンシング － スペルガッサン（仮想的中 6.3%）｜ロベルタインパクト － エーアイキリシマ － スペルガッサン（仮想的中 5.2%）｜セイダンシング － エーアイキリシマ － スペルガッサン（仮想的中 4.6%）,220候補から上位4点へ圧縮,券種別オッズ待ち,オッズ接続後に算出,12,nar,78.7,C
202642071605,浦和,5,3.5,平穏,calm,86.4,オッズ次第,watch,地方専用指数（ダート/開催場/近走）,20000,クウレイナニ,86.34,68.9,97.7,1.5,ダート適性 / 浦和実績 / 近走地方好走,セイウンスイート,62.1,地方戦績と指数の乖離監視,"[{""印"": ""○"", ""馬名"": ""アンジェマリーナ"", ""3着内率"": 80.3, ""理由"": ""ダート適性 / 浦和実績 / 近走地方好走""}, {""印"": ""▲"", ""馬名"": ""サンタアナウインド"", ""3着内率"": 46.4, ""理由"": ""ダート適性 / 浦和実績 / 近走地方好走""}, {""印"": ""△"", ""馬名"": ""ライヴラジアン"", ""3着内率"": 43.0, ""理由"": ""ダート適性 / 浦和実績""}, {""印"": ""☆"", ""馬名"": ""アヤサンメルシー"", ""3着内率"": 10.4, ""理由"": ""他場転入""}]",ワイド,"NAR専用。ワイド型。ダート/開催場適性を軸に20,000回仮想レースで圧縮。",100.0,買い候補,クウレイナニ － アンジェマリーナ（仮想的中 78.2%）｜クウレイナニ － サンタアナウインド（仮想的中 44.7%）｜クウレイナニ － ライヴラジアン（仮想的中 41.4%）,55候補から上位3点へ圧縮,100.0,買い候補,クウレイナニ － アンジェマリーナ（仮想的中 48.0%）｜クウレイナニ － サンタアナウインド（仮想的中 18.6%）,55候補から上位2点へ圧縮,100.0,買い候補,クウレイナニ － アンジェマリーナ － サンタアナウインド（仮想的中 31.1%）｜クウレイナニ － アンジェマリーナ － ライヴラジアン（仮想的中 28.2%）,165候補から上位2点へ圧縮,券種別オッズ待ち,オッズ接続後に算出,11,nar,100.0,B
202642071606,浦和,6,22.1,平穏,calm,78.3,見送り,skip,地方専用指数（ダート/開催場/近走）,20000,アストラルフレア,82.1,44.7,86.4,2.2,ダート適性 / 浦和実績 / 近走地方好走,ニシノウール,60.2,地方戦績と指数の乖離監視,"[{""印"": ""○"", ""馬名"": ""ニシノリピート"", ""3着内率"": 56.5, ""理由"": ""ダート適性 / 浦和実績 / 近走地方好走 / 人気以上傾向""}, {""印"": ""▲"", ""馬名"": ""アンジュマロン"", ""3着内率"": 61.5, ""理由"": ""ダート適性 / 浦和実績 / 近走地方好走""}, {""印"": ""△"", ""馬名"": ""フェリスラリー"", ""3着内率"": 15.3, ""理由"": ""浦和実績 / 近走地方好走""}, {""印"": ""☆"", ""馬名"": ""テリオスボス"", ""3着内率"": 17.3, ""理由"": ""近走地方好走""}]",ワイド,"NAR専用。ワイド型。ダート/開催場適性を軸に20,000回仮想レースで圧縮。",100.0,買い候補,アストラルフレア － アンジュマロン（仮想的中 51.3%）｜アストラルフレア － ニシノリピート（仮想的中 46.7%）｜アンジュマロン － ニシノリピート（仮想的中 29.7%）,66候補から上位3点へ圧縮,100.0,買い候補,アストラルフレア － アンジュマロン（仮想的中 25.4%）｜アストラルフレア － ニシノリピート（仮想的中 22.3%）,66候補から上位2点へ圧縮,79.5,買い候補,アストラルフレア － アンジュマロン － ニシノリピート（仮想的中 22.7%）｜アストラルフレア － アンジュマロン － フェアーメロディ（仮想的中 6.9%）,220候補から上位2点へ圧縮,券種別オッズ待ち,オッズ接続後に算出,12,nar,99.9,C
202642071607,浦和,7,38.3,平穏,calm,55.8,見送り,skip,地方専用指数（ダート/開催場/近走）,20000,ミノリチャン,66.51,36.0,74.7,2.8,ダート適性 / 近走地方好走 / 人気以上傾向,エコロルキナ,63.5,地方戦績と指数の乖離監視,"[{""印"": ""○"", ""馬名"": ""パルメニデス"", ""3着内率"": 43.8, ""理由"": ""地方総合評価""}, {""印"": ""▲"", ""馬名"": ""ジャストザヴァルス"", ""3着内率"": 46.1, ""理由"": ""地方総合評価""}, {""印"": ""△"", ""馬名"": ""ルミナヴィクター"", ""3着内率"": 24.7, ""理由"": ""地方総合評価""}, {""印"": ""☆"", ""馬名"": ""ステンノー"", ""3着内率"": 26.7, ""理由"": ""ダート適性""}]",ワイド,"NAR専用。ワイド型。ダート/開催場適性を軸に20,000回仮想レースで圧縮。",86.6,買い候補,ミノリチャン － ジャストザヴァルス（仮想的中 31.9%）｜ミノリチャン － パルメニデス（仮想的中 29.9%）｜ミノリチャン － ステンノー（仮想的中 17.6%）,66候補から上位3点へ圧縮,68.7,条件付き,ミノリチャン － ジャストザヴァルス（仮想的中 13.6%）｜ミノリチャン － パルメニデス（仮想的中 13.0%）,66候補から上位2点へ圧縮,34.6,見送り,ミノリチャン － ジャストザヴァルス － パルメニデス（仮想的中 9.1%）｜ミノリチャン － ジャストザヴァルス － ステンノー（仮想的中 4.7%）｜ミノリチャン － パルメニデス － ステンノー（仮想的中 4.5%）｜ミノリチャン － ジャストザヴァルス － ルミナヴィクター（仮想的中 4.4%）｜ミノリチャン － パルメニデス － ルミナヴィクター（仮想的中 3.9%）｜ミノリチャン － ジャストザヴァルス － スプリングネージュ（仮想的中 3.5%）,220候補から上位6点へ圧縮,券種別オッズ待ち,オッズ接続後に算出,12,nar,84.8,C
202642071608,浦和,8,7.6,平穏,calm,85.3,オッズ次第,watch,地方専用指数（ダート/開催場/近走）,20000,ビナラオカイ,89.13,69.8,98.4,1.4,ダート適性 / 浦和実績 / 近走地方好走,ニシノニューリーフ,61.9,地方戦績と指数の乖離監視,"[{""印"": ""○"", ""馬名"": ""ブラックエンパイア"", ""3着内率"": 84.8, ""理由"": ""ダート適性 / 浦和実績 / 近走地方好走""}, {""印"": ""▲"", ""馬名"": ""コウユーミューミュ"", ""3着内率"": 25.7, ""理由"": ""ダート適性 / 人気以上傾向""}, {""印"": ""△"", ""馬名"": ""セファイドループ"", ""3着内率"": 33.7, ""理由"": ""浦和実績""}, {""印"": ""☆"", ""馬名"": ""ミヅルーラー"", ""3着内率"": 32.4, ""理由"": ""ダート適性 / 浦和実績 / 近走地方好走""}]",ワイド,"NAR専用。ワイド型。ダート/開催場適性を軸に20,000回仮想レースで圧縮。",100.0,買い候補,ビナラオカイ － ブラックエンパイア（仮想的中 83.4%）,36候補から上位1点へ圧縮,100.0,買い候補,ビナラオカイ － ブラックエンパイア（仮想的中 58.0%）,36候補から上位1点へ圧縮,100.0,買い候補,ビナラオカイ － ブラックエンパイア － セファイドループ（仮想的中 24.3%）｜ビナラオカイ － ブラックエンパイア － ミヅルーラー（仮想的中 23.7%）｜ビナラオカイ － ブラックエンパイア － コウユーミューミュ（仮想的中 18.2%）,84候補から上位3点へ圧縮,券種別オッズ待ち,オッズ接続後に算出,9,nar,100.0,B
202642071609,浦和,9,32.5,平穏,calm,73.3,見送り,skip,地方専用指数（ダート/開催場/近走）,20000,ドリームファイター,74.6,36.4,78.0,2.7,ダート適性 / 浦和実績 / 近走地方好走,コスモゼーリエ,69.7,地方戦績と指数の乖離監視,"[{""印"": ""○"", ""馬名"": ""ビップルーク"", ""3着内率"": 66.7, ""理由"": ""ダート適性 / 他場転入 / 近走地方好走 / 人気以上傾向""}, {""印"": ""▲"", ""馬名"": ""アルコア"", ""3着内率"": 62.8, ""理由"": ""ダート適性 / 浦和実績 / 近走地方好走""}, {""印"": ""△"", ""馬名"": ""オーデンサフィー"", ""3着内率"": 33.3, ""理由"": ""近走地方好走 / 人気以上傾向""}, {""印"": ""☆"", ""馬名"": ""ラジスタンロイヤル"", ""3着内率"": 19.2, ""理由"": ""ダート適性 / 他場転入""}]",ワイド,"NAR専用。ワイド型。ダート/開催場適性を軸に20,000回仮想レースで圧縮。",100.0,買い候補,ドリームファイター － ビップルーク（仮想的中 49.1%）｜ドリームファイター － アルコア（仮想的中 46.1%）｜ビップルーク － アルコア（仮想的中 37.7%）,66候補から上位3点へ圧縮,92.1,買い候補,ドリームファイター － ビップルーク（仮想的中 21.1%）｜ドリームファイター － アルコア（仮想的中 20.8%）,66候補から上位2点へ圧縮,78.6,買い候補,ドリームファイター － ビップルーク － アルコア（仮想的中 24.7%）｜ドリームファイター － ビップルーク － オーデンサフィー（仮想的中 9.3%）｜ドリームファイター － アルコア － オーデンサフィー（仮想的中 8.3%）,220候補から上位3点へ圧縮,券種別オッズ待ち,オッズ接続後に算出,12,nar,96.7,C
202642071610,浦和,10,33.9,平穏,calm,54.1,見送り,skip,地方専用指数（ダート/開催場/近走）,20000,ツガノショウグン,79.49,26.2,72.8,3.8,ダート適性 / 浦和実績 / 近走地方好走 / 人気以上傾向,コスタデラルス,64.1,地方戦績と指数の乖離監視,"[{""印"": ""○"", ""馬名"": ""サンスレッド"", ""3着内率"": 70.1, ""理由"": ""ダート適性 / 浦和実績 / 近走地方好走""}, {""印"": ""▲"", ""馬名"": ""ノヴァヴィア"", ""3着内率"": 70.9, ""理由"": ""ダート適性 / 浦和実績 / 近走地方好走""}, {""印"": ""△"", ""馬名"": ""マスクドサムライ"", ""3着内率"": 27.8, ""理由"": ""ダート適性 / 浦和実績 / 近走地方好走 / 人気以上傾向""}, {""印"": ""☆"", ""馬名"": ""クインズステラ"", ""3着内率"": 28.8, ""理由"": ""ダート適性 / 浦和実績 / 近走地方好走""}]",ワイド,"NAR専用。ワイド型。ダート/開催場適性を軸に20,000回仮想レースで圧縮。",100.0,買い候補,ノヴァヴィア － ツガノショウグン（仮想的中 48.2%）｜ツガノショウグン － サンスレッド（仮想的中 47.8%）｜ノヴァヴィア － サンスレッド（仮想的中 46.1%）,36候補から上位3点へ圧縮,77.1,買い候補,ノヴァヴィア － ツガノショウグン（仮想的中 19.3%）｜ノヴァヴィア － サンスレッド（仮想的中 18.1%）,36候補から上位2点へ圧縮,100.0,買い候補,ノヴァヴィア － ツガノショウグン － サンスレッド（仮想的中 28.0%）,84候補から上位1点へ圧縮,券種別オッズ待ち,オッズ接続後に算出,9,nar,80.8,C
202642071611,浦和,11,17.3,平穏,calm,84.1,オッズ次第,watch,地方専用指数（ダート/開催場/近走）,20000,フォーティチュード,84.74,57.9,93.1,1.7,ダート適性 / 浦和実績 / 近走地方好走,セイウンハルカニ,64.2,地方戦績と指数の乖離監視,"[{""印"": ""○"", ""馬名"": ""サンダビューク"", ""3着内率"": 56.1, ""理由"": ""浦和実績 / 近走地方好走""}, {""印"": ""▲"", ""馬名"": ""ルールメイプル"", ""3着内率"": 56.5, ""理由"": ""ダート適性 / 浦和実績 / 近走地方好走""}, {""印"": ""△"", ""馬名"": ""ユウノワンワン"", ""3着内率"": 34.1, ""理由"": ""ダート適性 / 浦和実績 / 人気以上傾向""}, {""印"": ""☆"", ""馬名"": ""ダイメイタマナ"", ""3着内率"": 20.4, ""理由"": ""ダート適性 / 浦和実績""}]",ワイド,"NAR専用。ワイド型。ダート/開催場適性を軸に20,000回仮想レースで圧縮。",100.0,買い候補,フォーティチュード － ルールメイプル（仮想的中 51.4%）｜フォーティチュード － サンダビューク（仮想的中 51.1%）｜フォーティチュード － ユウノワンワン（仮想的中 30.5%）,66候補から上位3点へ圧縮,100.0,買い候補,フォーティチュード － ルールメイプル（仮想的中 26.4%）｜フォーティチュード － サンダビューク（仮想的中 24.0%）,66候補から上位2点へ圧縮,78.3,買い候補,フォーティチュード － ルールメイプル － サンダビューク（仮想的中 22.4%）｜フォーティチュード － ルールメイプル － ユウノワンワン（仮想的中 11.3%）｜フォーティチュード － サンダビューク － ユウノワンワン（仮想的中 10.9%）,220候補から上位3点へ圧縮,券種別オッズ待ち,オッズ接続後に算出,12,nar,100.0,B
202642071612,浦和,12,17.2,平穏,calm,83.0,オッズ次第,watch,地方専用指数（ダート/開催場/近走）,20000,メイショウフソウ,81.61,55.0,90.6,1.8,ダート適性 / 浦和実績 / 近走地方好走,シングアウト,58.3,地方戦績と指数の乖離監視,"[{""印"": ""○"", ""馬名"": ""ベルルート"", ""3着内率"": 70.1, ""理由"": ""ダート適性 / 浦和実績 / 近走地方好走""}, {""印"": ""▲"", ""馬名"": ""シェナクラウン"", ""3着内率"": 24.5, ""理由"": ""人気以上傾向""}, {""印"": ""△"", ""馬名"": ""ルージュメアート"", ""3着内率"": 27.5, ""理由"": ""ダート適性 / 浦和実績""}, {""印"": ""☆"", ""馬名"": ""ユウオウマイシン"", ""3着内率"": 17.0, ""理由"": ""地方総合評価""}]",ワイド,"NAR専用。ワイド型。ダート/開催場適性を軸に20,000回仮想レースで圧縮。",100.0,買い候補,メイショウフソウ － ベルルート（仮想的中 62.4%）,66候補から上位1点へ圧縮,100.0,買い候補,メイショウフソウ － ベルルート（仮想的中 36.0%）,66候補から上位1点へ圧縮,50.3,見送り,メイショウフソウ － ベルルート － ルージュメアート（仮想的中 12.6%）｜メイショウフソウ － ベルルート － シェナクラウン（仮想的中 11.4%）｜メイショウフソウ － ベルルート － ミライヘホウショウ（仮想的中 9.4%）｜メイショウフソウ － ベルルート － ビーチガール（仮想的中 8.2%）｜メイショウフソウ － ベルルート － ユウオウマイシン（仮想的中 7.5%）｜メイショウフソウ － ベルルート － ロットゥーラ（仮想的中 6.0%）,220候補から上位6点へ圧縮,券種別オッズ待ち,オッズ接続後に算出,12,nar,100.0,B
202630071601,門別,1,16.8,平穏,calm,81.8,オッズ次第,watch,地方専用指数（ダート/開催場/近走）,20000,ドリームパッション,84.19,73.7,97.9,1.4,ダート適性 / 門別実績 / 近走地方好走,イグレックリヤン,70.1,地方戦績と指数の乖離監視,"[{""印"": ""○"", ""馬名"": ""ルナベレッツァ"", ""3着内率"": 61.1, ""理由"": ""ダート適性 / 門別実績 / 近走地方好走""}, {""印"": ""▲"", ""馬名"": ""コンチワッチ"", ""3着内率"": 40.7, ""理由"": ""ダート適性 / 門別実績 / 人気以上傾向""}, {""印"": ""△"", ""馬名"": ""フェリンヴァラー"", ""3着内率"": 32.8, ""理由"": ""近走地方好走 / 人気以上傾向""}, {""印"": ""☆"", ""馬名"": ""ライトビーンズ"", ""3着内率"": 34.3, ""理由"": ""ダート適性 / 門別実績""}]",ワイド,"NAR専用。ワイド型。ダート/開催場適性を軸に20,000回仮想レースで圧縮。",100.0,買い候補,ドリームパッション － ルナベレッツァ（仮想的中 59.5%）｜ドリームパッション － コンチワッチ（仮想的中 39.5%）｜ドリームパッション － ライトビーンズ（仮想的中 33.2%）,66候補から上位3点へ圧縮,100.0,買い候補,ドリームパッション － ルナベレッツァ（仮想的中 34.5%）｜ドリームパッション － コンチワッチ（仮想的中 19.6%）,66候補から上位2点へ圧縮,60.7,条件付き,ドリームパッション － ルナベレッツァ － コンチワッチ（仮想的中 18.1%）｜ドリームパッション － ルナベレッツァ － ライトビーンズ（仮想的中 14.7%）｜ドリームパッション － ルナベレッツァ － フェリンヴァラー（仮想的中 14.0%）｜ドリームパッション － コンチワッチ － ライトビーンズ（仮想的中 7.8%）｜ドリームパッション － コンチワッチ － フェリンヴァラー（仮想的中 7.2%）｜ドリームパッション － フェリンヴァラー － ライトビーンズ（仮想的中 5.7%）,220候補から上位6点へ圧縮,券種別オッズ待ち,オッズ接続後に算出,12,nar,100.0,B
202630071602,門別,2,10.6,平穏,calm,80.7,オッズ次第,watch,地方専用指数（ダート/開催場/近走）,20000,トシデンセツ,88.17,41.2,91.8,2.4,ダート適性 / 門別実績 / 近走地方好走,レラノア,65.9,地方戦績と指数の乖離監視,"[{""印"": ""○"", ""馬名"": ""リガンド"", ""3着内率"": 86.0, ""理由"": ""ダート適性 / 門別実績 / 近走地方好走""}, {""印"": ""▲"", ""馬名"": ""リヴァールミナス"", ""3着内率"": 86.2, ""理由"": ""ダート適性 / 門別実績 / 近走地方好走""}, {""印"": ""△"", ""馬名"": ""リュウノゴウワン"", ""3着内率"": 21.4, ""理由"": ""ダート適性 / 門別実績 / 近走地方好走""}, {""印"": ""☆"", ""馬名"": ""クリシュナラブリー"", ""3着内率"": 6.0, ""理由"": ""近走地方好走 / 人気以上傾向""}]",ワイド,"NAR専用。ワイド型。ダート/開催場適性を軸に20,000回仮想レースで圧縮。",100.0,買い候補,トシデンセツ － リヴァールミナス（仮想的中 78.2%）｜トシデンセツ － リガンド（仮想的中 78.1%）｜リガンド － リヴァールミナス（仮想的中 72.7%）,55候補から上位3点へ圧縮,100.0,買い候補,トシデンセツ － リガンド（仮想的中 32.7%）｜トシデンセツ － リヴァールミナス（仮想的中 32.4%）,55候補から上位2点へ圧縮,100.0,買い候補,トシデンセツ － リガンド － リヴァールミナス（仮想的中 65.1%）,165候補から上位1点へ圧縮,券種別オッズ待ち,オッズ接続後に算出,11,nar,100.0,B
202630071603,門別,3,20.4,平穏,calm,77.2,見送り,skip,地方専用指数（ダート/開催場/近走）,20000,ティンバリートス,86.44,43.5,86.7,2.3,ダート適性 / 門別実績 / 近走地方好走,クラウンアウォーズ,36.3,地方戦績と指数の乖離監視,"[{""印"": ""○"", ""馬名"": ""ベストメッセージ"", ""3着内率"": 81.9, ""理由"": ""ダート適性 / 門別実績 / 近走地方好走""}, {""印"": ""▲"", ""馬名"": ""ライヴユアドリーム"", ""3着内率"": 31.1, ""理由"": ""ダート適性 / 門別実績 / 近走地方好走""}, {""印"": ""△"", ""馬名"": ""ディアスプリンター"", ""3着内率"": 28.5, ""理由"": ""ダート適性 / 門別実績 / 近走地方好走""}, {""印"": ""☆"", ""馬名"": ""シャディアラ"", ""3着内率"": 9.3, ""理由"": ""近走地方好走 / 人気以上傾向""}]",ワイド,"NAR専用。ワイド型。ダート/開催場適性を軸に20,000回仮想レースで圧縮。",100.0,買い候補,ティンバリートス － ベストメッセージ（仮想的中 70.1%）,36候補から上位1点へ圧縮,100.0,買い候補,ティンバリートス － ベストメッセージ（仮想的中 41.4%）,36候補から上位1点へ圧縮,61.6,条件付き,ティンバリートス － ベストメッセージ － ライヴユアドリーム（仮想的中 17.0%）｜ティンバリートス － ベストメッセージ － ディアスプリンター（仮想的中 15.6%）｜ティンバリートス － ベストメッセージ － スターリーローラー（仮想的中 11.8%）｜ティンバリートス － ベストメッセージ － リュウノマッスル（仮想的中 11.1%）｜ティンバリートス － ベストメッセージ － カストール（仮想的中 7.4%）｜ティンバリートス － ベストメッセージ － シャディアラ（仮想的中 4.9%）,84候補から上位6点へ圧縮,券種別オッズ待ち,オッズ接続後に算出,9,nar,99.8,C
202630071604,門別,4,22.5,平穏,calm,79.5,見送り,skip,地方専用指数（ダート/開催場/近走）,20000,スティールアンバー,87.27,46.9,85.4,2.1,ダート適性 / 門別実績 / 近走地方好走,エイシンキャノピー,64.4,地方戦績と指数の乖離監視,"[{""印"": ""○"", ""馬名"": ""プチビーンズ"", ""3着内率"": 65.9, ""理由"": ""ダート適性 / 門別実績 / 近走地方好走""}, {""印"": ""▲"", ""馬名"": ""オオイシアジサイ"", ""3着内率"": 55.4, ""理由"": ""ダート適性 / 門別実績 / 近走地方好走""}, {""印"": ""△"", ""馬名"": ""サンヨウコイノボリ"", ""3着内率"": 41.0, ""理由"": ""ダート適性 / 門別実績 / 近走地方好走""}, {""印"": ""☆"", ""馬名"": ""オカノティアラ"", ""3着内率"": 23.3, ""理由"": ""ダート適性 / 門別実績 / 近走地方好走""}]",ワイド,"NAR専用。ワイド型。ダート/開催場適性を軸に20,000回仮想レースで圧縮。",100.0,買い候補,スティールアンバー － プチビーンズ（仮想的中 54.2%）｜スティールアンバー － オオイシアジサイ（仮想的中 44.8%）｜スティールアンバー － サンヨウコイノボリ（仮想的中 32.3%）,66候補から上位3点へ圧縮,100.0,買い候補,スティールアンバー － プチビーンズ（仮想的中 26.1%）｜スティールアンバー － オオイシアジサイ（仮想的中 18.5%）,66候補から上位2点へ圧縮,68.6,条件付き,スティールアンバー － プチビーンズ － オオイシアジサイ（仮想的中 22.9%）｜スティールアンバー － プチビーンズ － サンヨウコイノボリ（仮想的中 14.8%）｜スティールアンバー － オオイシアジサイ － サンヨウコイノボリ（仮想的中 10.5%）｜スティールアンバー － プチビーンズ － オカノティアラ（仮想的中 7.5%）｜スティールアンバー － プチビーンズ － ポートエレン（仮想的中 7.2%）,220候補から上位5点へ圧縮,券種別オッズ待ち,オッズ接続後に算出,12,nar,100.0,C
202630071605,門別,5,67.8,波乱,wave,38.0,見送り,skip,地方専用指数（ダート/開催場/近走）,20000,ハンドクラップ,43.5,10.8,33.7,9.2,地方履歴少,エレシュトゥ,56.5,地方戦績と指数の乖離監視,"[{""印"": ""○"", ""馬名"": ""エレシュトゥ"", ""3着内率"": 33.5, ""理由"": ""地方履歴少""}, {""印"": ""▲"", ""馬名"": ""アドミレリッチー"", ""3着内率"": 33.5, ""理由"": ""地方履歴少""}, {""印"": ""△"", ""馬名"": ""サザンマキシム"", ""3着内率"": 33.4, ""理由"": ""地方履歴少""}, {""印"": ""☆"", ""馬名"": ""カズドリーム"", ""3着内率"": 33.4, ""理由"": ""地方履歴少""}]",ワイド,"NAR専用。ワイド型。ダート/開催場適性を軸に20,000回仮想レースで圧縮。",32.6,見送り,ハンドクラップ － アドミレリッチー（仮想的中 8.9%）｜サザンマキシム － ハンドクラップ（仮想的中 8.6%）｜フレンドリーグリン － カズドリーム（仮想的中 8.6%）,36候補から上位3点へ圧縮,17.7,見送り,カズドリーム － アドミレリッチー（仮想的中 3.0%）｜サザンマキシム － ハンドクラップ（仮想的中 3.0%）,36候補から上位2点へ圧縮,23.9,見送り,サザンマキシム － ハンドクラップ － アドミレリッチー（仮想的中 1.4%）｜エレシュトゥ － サザンマキシム － ハンドクラップ（仮想的中 1.4%）｜ドミネイト － フレンドリーグリン － カズドリーム（仮想的中 1.4%）｜エレシュトゥ － フレンドリーグリン － カズドリーム（仮想的中 1.4%）｜サザンマキシム － ミサオ － ドミネイト（仮想的中 1.3%）｜エレシュトゥ － ハンドクラップ － アドミレリッチー（仮想的中 1.3%）,84候補から上位6点へ圧縮,券種別オッズ待ち,オッズ接続後に算出,9,nar,32.6,C
202630071606,門別,6,67.8,波乱,wave,39.5,見送り,skip,地方専用指数（ダート/開催場/近走）,20000,ステラマームード,43.5,12.6,38.1,7.9,地方履歴少,ブラビット,56.5,地方戦績と指数の乖離監視,"[{""印"": ""○"", ""馬名"": ""ブラビット"", ""3着内率"": 37.9, ""理由"": ""地方履歴少""}, {""印"": ""▲"", ""馬名"": ""アクタール"", ""3着内率"": 37.9, ""理由"": ""地方履歴少""}, {""印"": ""△"", ""馬名"": ""サスラオウ"", ""3着内率"": 37.4, ""理由"": ""地方履歴少""}, {""印"": ""☆"", ""馬名"": ""リコーリベレーター"", ""3着内率"": 37.3, ""理由"": ""地方履歴少""}]",ワイド,"NAR専用。ワイド型。ダート/開催場適性を軸に20,000回仮想レースで圧縮。",39.4,見送り,ブラビット － アクタール（仮想的中 11.2%）｜ステラマームード － サスラオウ（仮想的中 11.1%）｜ステラマームード － アクタール（仮想的中 11.0%）,28候補から上位3点へ圧縮,21.5,見送り,ブラビット － アクタール（仮想的中 3.8%）｜アクタール － トラブルメーカー（仮想的中 3.8%）,28候補から上位2点へ圧縮,26.9,見送り,ステラマームード － ドルファティーガ － サスラオウ（仮想的中 2.0%）｜ステラマームード － アクタール － ポコアポコ（仮想的中 2.0%）｜ステラマームード － リコーリベレーター － トラブルメーカー（仮想的中 2.0%）｜アクタール － ドルファティーガ － サスラオウ（仮想的中 1.9%）｜ステラマームード － アクタール － サスラオウ（仮想的中 1.9%）｜ブラビット － アクタール － トラブルメーカー（仮想的中 1.9%）,56候補から上位6点へ圧縮,券種別オッズ待ち,オッズ接続後に算出,8,nar,35.6,C
202630071607,門別,7,37.4,平穏,calm,50.0,見送り,skip,地方専用指数（ダート/開催場/近走）,20000,ダイヤノゴトク,70.93,29.6,75.4,3.4,ダート適性 / 門別実績 / 近走地方好走,レヴァンターセ,65.4,地方戦績と指数の乖離監視,"[{""印"": ""○"", ""馬名"": ""マルティネーテ"", ""3着内率"": 74.4, ""理由"": ""ダート適性 / 門別実績 / 近走地方好走""}, {""印"": ""▲"", ""馬名"": ""カセノフォルス"", ""3着内率"": 59.3, ""理由"": ""ダート適性 / 門別実績 / 近走地方好走""}, {""印"": ""△"", ""馬名"": ""カネショウラッシュ"", ""3着内率"": 41.5, ""理由"": ""ダート適性 / 門別実績""}, {""印"": ""☆"", ""馬名"": ""フックセンチョウ"", ""3着内率"": 29.4, ""理由"": ""門別実績""}]",ワイド,"NAR専用。ワイド型。ダート/開催場適性を軸に20,000回仮想レースで圧縮。",100.0,買い候補,ダイヤノゴトク － マルティネーテ（仮想的中 53.5%）｜ダイヤノゴトク － カセノフォルス（仮想的中 40.9%）｜マルティネーテ － カセノフォルス（仮想的中 39.9%）,21候補から上位3点へ圧縮,79.8,買い候補,ダイヤノゴトク － マルティネーテ（仮想的中 22.6%）｜ダイヤノゴトク － カセノフォルス（仮想的中 14.9%）,21候補から上位2点へ圧縮,72.3,買い候補,ダイヤノゴトク － マルティネーテ － カセノフォルス（仮想的中 24.7%）｜ダイヤノゴトク － マルティネーテ － カネショウラッシュ（仮想的中 14.0%）｜ダイヤノゴトク － マルティネーテ － フックセンチョウ（仮想的中 8.8%）｜ダイヤノゴトク － カセノフォルス － カネショウラッシュ（仮想的中 7.9%）｜マルティネーテ － カセノフォルス － カネショウラッシュ（仮想的中 7.6%）,35候補から上位5点へ圧縮,券種別オッズ待ち,オッズ接続後に算出,7,nar,75.5,C
202630071608,門別,8,1.5,平穏,calm,60.8,見送り,skip,地方専用指数（ダート/開催場/近走）,20000,ガイストゼーゲン,77.89,37.9,89.8,2.6,ダート適性 / 門別実績 / 近走地方好走,マリノシュライエン,61.4,地方戦績と指数の乖離監視,"[{""印"": ""○"", ""馬名"": ""キタサンモンドー"", ""3着内率"": 87.0, ""理由"": ""ダート適性 / 門別実績 / 近走地方好走""}, {""印"": ""▲"", ""馬名"": ""サンゼントカガヤク"", ""3着内率"": 71.0, ""理由"": ""ダート適性 / 門別実績 / 近走地方好走""}, {""印"": ""△"", ""馬名"": ""ウフフトルンナ"", ""3着内率"": 39.5, ""理由"": ""ダート適性 / 他場転入 / 近走地方好走""}, {""印"": ""☆"", ""馬名"": ""ユーライナー"", ""3着内率"": 5.4, ""理由"": ""地方総合評価""}]",ワイド,"NAR専用。ワイド型。ダート/開催場適性を軸に20,000回仮想レースで圧縮。",100.0,買い候補,ガイストゼーゲン － キタサンモンドー（仮想的中 77.1%）｜ガイストゼーゲン － サンゼントカガヤク（仮想的中 61.7%）｜キタサンモンドー － サンゼントカガヤク（仮想的中 58.9%）,21候補から上位3点へ圧縮,100.0,買い候補,ガイストゼーゲン － キタサンモンドー（仮想的中 39.0%）｜ガイストゼーゲン － サンゼントカガヤク（仮想的中 20.7%）,21候補から上位2点へ圧縮,100.0,買い候補,ガイストゼーゲン － キタサンモンドー － サンゼントカガヤク（仮想的中 49.9%）｜ガイストゼーゲン － キタサンモンドー － ウフフトルンナ（仮想的中 21.3%）,35候補から上位2点へ圧縮,券種別オッズ待ち,オッズ接続後に算出,7,nar,88.8,C
202630071609,門別,9,0.0,平穏,calm,72.0,見送り,skip,地方専用指数（ダート/開催場/近走）,20000,ピエールテネシー,83.37,59.5,96.4,1.7,ダート適性 / 門別実績 / 近走地方好走,ゼファーバローズ,60.0,地方戦績と指数の乖離監視,"[{""印"": ""○"", ""馬名"": ""コウユーダイダイ"", ""3着内率"": 82.6, ""理由"": ""ダート適性 / 門別実績 / 近走地方好走""}, {""印"": ""▲"", ""馬名"": ""アサガオ"", ""3着内率"": 69.1, ""理由"": ""ダート適性 / 門別実績 / 近走地方好走""}, {""印"": ""△"", ""馬名"": ""エリオットゲーム"", ""3着内率"": 39.2, ""理由"": ""ダート適性 / 門別実績""}, {""印"": ""☆"", ""馬名"": ""アンエクスプロード"", ""3着内率"": 5.3, ""理由"": ""地方総合評価""}]",ワイド,"NAR専用。ワイド型。ダート/開催場適性を軸に20,000回仮想レースで圧縮。",100.0,買い候補,ピエールテネシー － コウユーダイダイ（仮想的中 79.2%）｜ピエールテネシー － アサガオ（仮想的中 65.8%）｜コウユーダイダイ － アサガオ（仮想的中 53.1%）,21候補から上位3点へ圧縮,100.0,買い候補,ピエールテネシー － コウユーダイダイ（仮想的中 45.0%）｜ピエールテネシー － アサガオ（仮想的中 26.2%）,21候補から上位2点へ圧縮,100.0,買い候補,ピエールテネシー － コウユーダイダイ － アサガオ（仮想的中 50.0%）｜ピエールテネシー － コウユーダイダイ － エリオットゲーム（仮想的中 22.6%）,35候補から上位2点へ圧縮,券種別オッズ待ち,オッズ接続後に算出,7,nar,95.1,C
202630071610,門別,10,27.9,平穏,calm,64.5,見送り,skip,地方専用指数（ダート/開催場/近走）,20000,カネトシエテルノ,81.71,39.0,79.3,2.6,ダート適性 / 門別実績 / 近走地方好走,ブッシュドノエル,61.0,地方戦績と指数の乖離監視,"[{""印"": ""○"", ""馬名"": ""ヤマニンエラマ"", ""3着内率"": 47.4, ""理由"": ""ダート適性 / 門別実績 / 近走地方好走""}, {""印"": ""▲"", ""馬名"": ""マジックライン"", ""3着内率"": 39.6, ""理由"": ""ダート適性 / 門別実績 / 近走地方好走 / 人気以上傾向""}, {""印"": ""△"", ""馬名"": ""ビービーエリス"", ""3着内率"": 49.0, ""理由"": ""ダート適性 / 門別実績 / 近走地方好走""}, {""印"": ""☆"", ""馬名"": ""ユニコーンホエール"", ""3着内率"": 28.6, ""理由"": ""ダート適性 / 門別実績""}]",ワイド,"NAR専用。ワイド型。ダート/開催場適性を軸に20,000回仮想レースで圧縮。",100.0,買い候補,カネトシエテルノ － ビービーエリス（仮想的中 36.1%）｜カネトシエテルノ － ヤマニンエラマ（仮想的中 34.6%）｜カネトシエテルノ － マジックライン（仮想的中 29.0%）,66候補から上位3点へ圧縮,78.6,買い候補,カネトシエテルノ － ビービーエリス（仮想的中 16.0%）｜カネトシエテルノ － ヤマニンエラマ（仮想的中 15.7%）,66候補から上位2点へ圧縮,43.5,見送り,カネトシエテルノ － ビービーエリス － ヤマニンエラマ（仮想的中 11.0%）｜カネトシエテルノ － ビービーエリス － マジックライン（仮想的中 8.9%）｜カネトシエテルノ － ヤマニンエラマ － マジックライン（仮想的中 8.4%）｜カネトシエテルノ － ビービーエリス － ユニコーンホエール（仮想的中 5.9%）｜カネトシエテルノ － ヤマニンエラマ － ユニコーンホエール（仮想的中 5.4%）｜カネトシエテルノ － マジックライン － ユニコーンホエール（仮想的中 4.2%）,220候補から上位6点へ圧縮,券種別オッズ待ち,オッズ接続後に算出,12,nar,90.5,C
202630071611,門別,11,18.8,平穏,calm,63.2,見送り,skip,地方専用指数（ダート/開催場/近走）,20000,ラッキーホープ,84.46,39.2,86.7,2.6,ダート適性 / 門別実績 / 近走地方好走,キタノインディ,61.6,地方戦績と指数の乖離監視,"[{""印"": ""○"", ""馬名"": ""ピンクヴェノム"", ""3着内率"": 76.5, ""理由"": ""ダート適性 / 門別実績 / 近走地方好走""}, {""印"": ""▲"", ""馬名"": ""ワンダーウーマン"", ""3着内率"": 74.9, ""理由"": ""ダート適性 / 門別実績 / 近走地方好走""}, {""印"": ""△"", ""馬名"": ""モノノフブラック"", ""3着内率"": 35.8, ""理由"": ""ダート適性 / 門別実績 / 近走地方好走""}, {""印"": ""☆"", ""馬名"": ""ドウドウキリシマ"", ""3着内率"": 22.8, ""理由"": ""ダート適性 / 門別実績""}]",ワイド,"NAR専用。ワイド型。ダート/開催場適性を軸に20,000回仮想レースで圧縮。",100.0,買い候補,ラッキーホープ － ピンクヴェノム（仮想的中 64.4%）｜ラッキーホープ － ワンダーウーマン（仮想的中 63.0%）｜ピンクヴェノム － ワンダーウーマン（仮想的中 54.0%）,21候補から上位3点へ圧縮,100.0,買い候補,ラッキーホープ － ピンクヴェノム（仮想的中 27.1%）｜ラッキーホープ － ワンダーウーマン（仮想的中 25.5%）,21候補から上位2点へ圧縮,100.0,買い候補,ラッキーホープ － ピンクヴェノム － ワンダーウーマン（仮想的中 43.2%）｜ラッキーホープ － ピンクヴェノム － モノノフブラック（仮想的中 12.8%）,35候補から上位2点へ圧縮,券種別オッズ待ち,オッズ接続後に算出,7,nar,89.0,C
202630071612,門別,12,21.7,平穏,calm,58.3,見送り,skip,地方専用指数（ダート/開催場/近走）,20000,バレンタインケーキ,88.65,43.3,82.7,2.3,ダート適性 / 門別実績 / 近走地方好走,ラブラブパイロ,52.8,地方戦績と指数の乖離監視,"[{""印"": ""○"", ""馬名"": ""ニジコ"", ""3着内率"": 62.3, ""理由"": ""ダート適性 / 門別実績 / 近走地方好走""}, {""印"": ""▲"", ""馬名"": ""カツノトキメキ"", ""3着内率"": 61.0, ""理由"": ""ダート適性 / 門別実績 / 近走地方好走""}, {""印"": ""△"", ""馬名"": ""シルバーミラージュ"", ""3着内率"": 29.2, ""理由"": ""ダート適性 / 門別実績 / 近走地方好走""}, {""印"": ""☆"", ""馬名"": ""ゼロアワー"", ""3着内率"": 35.1, ""理由"": ""ダート適性 / 門別実績 / 近走地方好走""}]",ワイド,"NAR専用。ワイド型。ダート/開催場適性を軸に20,000回仮想レースで圧縮。",100.0,買い候補,バレンタインケーキ － ニジコ（仮想的中 49.0%）｜バレンタインケーキ － カツノトキメキ（仮想的中 47.8%）｜ニジコ － カツノトキメキ（仮想的中 32.9%）,36候補から上位3点へ圧縮,99.1,買い候補,バレンタインケーキ － ニジコ（仮想的中 21.7%）｜バレンタインケーキ － カツノトキメキ（仮想的中 21.4%）,36候補から上位2点へ圧縮,63.9,条件付き,バレンタインケーキ － ニジコ － カツノトキメキ（仮想的中 23.2%）｜バレンタインケーキ － ニジコ － ゼロアワー（仮想的中 10.0%）｜バレンタインケーキ － カツノトキメキ － ゼロアワー（仮想的中 9.6%）｜バレンタインケーキ － ニジコ － シルバーミラージュ（仮想的中 8.4%）｜バレンタインケーキ － カツノトキメキ － シルバーミラージュ（仮想的中 7.5%）,84候補から上位5点へ圧縮,券種別オッズ待ち,オッズ接続後に算出,9,nar,86.8,C
