race_id,race_number,horse
https://www.jra.go.jp/JRADB/accessD.html?CNAME=pw01dde1010202602060120260712/98,1,リザレクティア
https://www.jra.go.jp/JRADB/accessD.html?CNAME=pw01dde1010202602060120260712/98,1,コースタルロード
https://www.jra.go.jp/JRADB/accessD.html?CNAME=pw01dde1010202602060120260712/98,1,アリディプラチノ
https://www.jra.go.jp/JRADB/accessD.html?CNAME=pw01dde1010202602060120260712/98,1,ドゥボヌール
https://www.jra.go.jp/JRADB/accessD.html?CNAME=pw01dde1010202602060120260712/98,1,ビケイムフリー
https://www.jra.go.jp/JRADB/accessD.html?CNAME=pw01dde1010202602060120260712/98,1,シャンデリュイーズ
https://www.jra.go.jp/JRADB/accessD.html?CNAME=pw01dde1010202602060120260712/98,1,ピンクパンサー
https://www.jra.go.jp/JRADB/accessD.html?CNAME=pw01dde1010202602060120260712/98,1,ブライトエンジェル
https://www.jra.go.jp/JRADB/accessD.html?CNAME=pw01dde1010202602060120260712/98,1,テンタイムトップ
https://www.jra.go.jp/JRADB/accessD.html?CNAME=pw01dde1010202602060120260712/98,1,ホーリーステップ
https://www.jra.go.jp/JRADB/accessD.html?CNAME=pw01dde1010202602060120260712/98,1,ハクサンテドリガワ
https://www.jra.go.jp/JRADB/accessD.html?CNAME=pw01dde1010202602060120260712/98,1,ヨウリンケイジュ
https://www.jra.go.jp/JRADB/accessD.html?CNAME=pw01dde1010202602060120260712/98,1,フルフィルメント
https://www.jra.go.jp/JRADB/accessD.html?CNAME=pw01dde1010202602060120260712/98,1,ロージーキャンドル
https://www.jra.go.jp/JRADB/accessD.html?CNAME=pw01dde1010202602060120260712/98,1,ベルセクレト
https://www.jra.go.jp/JRADB/accessD.html?CNAME=pw01dde1010202602060120260712/98,1,ティグリス
https://www.jra.go.jp/JRADB/accessD.html?CNAME=pw01dde1010202602060120260712/98,1,マルモズイルバア
https://www.jra.go.jp/JRADB/accessD.html?CNAME=pw01dde1010202602060120260712/98,1,テイエムスパーダ
https://www.jra.go.jp/JRADB/accessD.html?CNAME=pw01dde1010202602060220260712/4D,2,ゼンノトヨタマヒメ
https://www.jra.go.jp/JRADB/accessD.html?CNAME=pw01dde1010202602060220260712/4D,2,ペコリズム
https://www.jra.go.jp/JRADB/accessD.html?CNAME=pw01dde1010202602060220260712/4D,2,タガノプディング
https://www.jra.go.jp/JRADB/accessD.html?CNAME=pw01dde1010202602060220260712/4D,2,シュタルク
https://www.jra.go.jp/JRADB/accessD.html?CNAME=pw01dde1010202602060220260712/4D,2,メイショウアヤカ
https://www.jra.go.jp/JRADB/accessD.html?CNAME=pw01dde1010202602060220260712/4D,2,クロカミジョウ
https://www.jra.go.jp/JRADB/accessD.html?CNAME=pw01dde1010202602060220260712/4D,2,フチサンチャチャ
https://www.jra.go.jp/JRADB/accessD.html?CNAME=pw01dde1010202602060220260712/4D,2,ラインメテオラ
https://www.jra.go.jp/JRADB/accessD.html?CNAME=pw01dde1010202602060220260712/4D,2,キャッチアシーフ
https://www.jra.go.jp/JRADB/accessD.html?CNAME=pw01dde1010202602060220260712/4D,2,ナブッコ
https://www.jra.go.jp/JRADB/accessD.html?CNAME=pw01dde1010202602060220260712/4D,2,ジョーヴェスタ
https://www.jra.go.jp/JRADB/accessD.html?CNAME=pw01dde1010202602060220260712/4D,2,トーアウィリアム
https://www.jra.go.jp/JRADB/accessD.html?CNAME=pw01dde1010202602060220260712/4D,2,キタノプレミアム
https://www.jra.go.jp/JRADB/accessD.html?CNAME=pw01dde1010202602060220260712/4D,2,ハクサンリング
https://www.jra.go.jp/JRADB/accessD.html?CNAME=pw01dde1010202602060220260712/4D,2,ローズカリス
https://www.jra.go.jp/JRADB/accessD.html?CNAME=pw01dde1010202602060220260712/4D,2,トラステッド
https://www.jra.go.jp/JRADB/accessD.html?CNAME=pw01dde1010202602060320260712/02,3,グレイイメル
https://www.jra.go.jp/JRADB/accessD.html?CNAME=pw01dde1010202602060320260712/02,3,ラルヴァンダード
https://www.jra.go.jp/JRADB/accessD.html?CNAME=pw01dde1010202602060320260712/02,3,ロイドウェバー
https://www.jra.go.jp/JRADB/accessD.html?CNAME=pw01dde1010202602060320260712/02,3,スーパービジー
https://www.jra.go.jp/JRADB/accessD.html?CNAME=pw01dde1010202602060320260712/02,3,チェファルー
https://www.jra.go.jp/JRADB/accessD.html?CNAME=pw01dde1010202602060320260712/02,3,キービート
https://www.jra.go.jp/JRADB/accessD.html?CNAME=pw01dde1010202602060320260712/02,3,ブルーザー
https://www.jra.go.jp/JRADB/accessD.html?CNAME=pw01dde1010202602060320260712/02,3,レヴロード
https://www.jra.go.jp/JRADB/accessD.html?CNAME=pw01dde1010202602060320260712/02,3,アージュドール
https://www.jra.go.jp/JRADB/accessD.html?CNAME=pw01dde1010202602060320260712/02,3,ウインビスタ
https://www.jra.go.jp/JRADB/accessD.html?CNAME=pw01dde1010202602060320260712/02,3,ジュンヴァッテッド
https://www.jra.go.jp/JRADB/accessD.html?CNAME=pw01dde1010202602060320260712/02,3,ルクスユアン
https://www.jra.go.jp/JRADB/accessD.html?CNAME=pw01dde1010202602060320260712/02,3,ワンダーシャッフル
https://www.jra.go.jp/JRADB/accessD.html?CNAME=pw01dde1010202602060320260712/02,3,ダノンワンダー
https://www.jra.go.jp/JRADB/accessD.html?CNAME=pw01dde1010202602060320260712/02,3,ヴィスメンティス
https://www.jra.go.jp/JRADB/accessD.html?CNAME=pw01dde1010202602060320260712/02,3,ガイアフォース
https://www.jra.go.jp/JRADB/accessD.html?CNAME=pw01dde1010202602060420260712/B7,4,サンタカリス
https://www.jra.go.jp/JRADB/accessD.html?CNAME=pw01dde1010202602060420260712/B7,4,グランスプリント
https://www.jra.go.jp/JRADB/accessD.html?CNAME=pw01dde1010202602060420260712/B7,4,エイシンニケ
https://www.jra.go.jp/JRADB/accessD.html?CNAME=pw01dde1010202602060420260712/B7,4,スリーロンドン
https://www.jra.go.jp/JRADB/accessD.html?CNAME=pw01dde1010202602060420260712/B7,4,ウインラブソング
https://www.jra.go.jp/JRADB/accessD.html?CNAME=pw01dde1010202602060420260712/B7,4,ブランチアウト
https://www.jra.go.jp/JRADB/accessD.html?CNAME=pw01dde1010202602060420260712/B7,4,レッドパラジウム
https://www.jra.go.jp/JRADB/accessD.html?CNAME=pw01dde1010202602060420260712/B7,4,ラミエルノムスコ
https://www.jra.go.jp/JRADB/accessD.html?CNAME=pw01dde1010202602060420260712/B7,4,フェブリノ
https://www.jra.go.jp/JRADB/accessD.html?CNAME=pw01dde1010202602060420260712/B7,4,シャドウクライ
https://www.jra.go.jp/JRADB/accessD.html?CNAME=pw01dde1010202602060420260712/B7,4,タイムレスフレアー
https://www.jra.go.jp/JRADB/accessD.html?CNAME=pw01dde1010202602060420260712/B7,4,セルヴァジオ
https://www.jra.go.jp/JRADB/accessD.html?CNAME=pw01dde1010202602060420260712/B7,4,ゴリョウセイ
https://www.jra.go.jp/JRADB/accessD.html?CNAME=pw01dde1010202602060420260712/B7,4,エスコーラ
https://www.jra.go.jp/JRADB/accessD.html?CNAME=pw01dde0110202602060520260712%2F8D,5,サイモンレガシー
https://www.jra.go.jp/JRADB/accessD.html?CNAME=pw01dde0110202602060520260712%2F8D,5,シュガーハウス
https://www.jra.go.jp/JRADB/accessD.html?CNAME=pw01dde0110202602060520260712%2F8D,5,シュプレヒコール
https://www.jra.go.jp/JRADB/accessD.html?CNAME=pw01dde0110202602060520260712%2F8D,5,ロクメイカン
https://www.jra.go.jp/JRADB/accessD.html?CNAME=pw01dde0110202602060520260712%2F8D,5,フェーエンハフト
https://www.jra.go.jp/JRADB/accessD.html?CNAME=pw01dde0110202602060520260712%2F8D,5,シックパラソル
https://www.jra.go.jp/JRADB/accessD.html?CNAME=pw01dde0110202602060520260712%2F8D,5,エルドボルグ
https://www.jra.go.jp/JRADB/accessD.html?CNAME=pw01dde0110202602060520260712%2F8D,5,パーセンタイル
https://www.jra.go.jp/JRADB/accessD.html?CNAME=pw01dde0110202602060520260712%2F8D,5,キラーアビリティ
https://www.jra.go.jp/JRADB/accessD.html?CNAME=pw01dde1010202602060620260712/21,6,アンドヴェローナ
https://www.jra.go.jp/JRADB/accessD.html?CNAME=pw01dde1010202602060620260712/21,6,アトランタ
https://www.jra.go.jp/JRADB/accessD.html?CNAME=pw01dde1010202602060620260712/21,6,ジョン
https://www.jra.go.jp/JRADB/accessD.html?CNAME=pw01dde1010202602060620260712/21,6,マルモリムソウ
https://www.jra.go.jp/JRADB/accessD.html?CNAME=pw01dde1010202602060620260712/21,6,ビバームス
https://www.jra.go.jp/JRADB/accessD.html?CNAME=pw01dde1010202602060620260712/21,6,アームズラムレイ
https://www.jra.go.jp/JRADB/accessD.html?CNAME=pw01dde1010202602060620260712/21,6,ララララブソング
https://www.jra.go.jp/JRADB/accessD.html?CNAME=pw01dde1010202602060620260712/21,6,ブラックブレット
https://www.jra.go.jp/JRADB/accessD.html?CNAME=pw01dde1010202602060620260712/21,6,コパノキャンペーン
https://www.jra.go.jp/JRADB/accessD.html?CNAME=pw01dde1010202602060620260712/21,6,フリード
https://www.jra.go.jp/JRADB/accessD.html?CNAME=pw01dde1010202602060720260712/D6,7,ジェバーダ
https://www.jra.go.jp/JRADB/accessD.html?CNAME=pw01dde1010202602060720260712/D6,7,タマモスカイ
https://www.jra.go.jp/JRADB/accessD.html?CNAME=pw01dde1010202602060720260712/D6,7,メイショウオグマ
https://www.jra.go.jp/JRADB/accessD.html?CNAME=pw01dde1010202602060720260712/D6,7,オオツカ
https://www.jra.go.jp/JRADB/accessD.html?CNAME=pw01dde1010202602060720260712/D6,7,ラブインアクション
https://www.jra.go.jp/JRADB/accessD.html?CNAME=pw01dde1010202602060720260712/D6,7,リアルペガサス
https://www.jra.go.jp/JRADB/accessD.html?CNAME=pw01dde1010202602060720260712/D6,7,キリオス
https://www.jra.go.jp/JRADB/accessD.html?CNAME=pw01dde1010202602060720260712/D6,7,セルジュバローズ
https://www.jra.go.jp/JRADB/accessD.html?CNAME=pw01dde1010202602060720260712/D6,7,キアヌ
https://www.jra.go.jp/JRADB/accessD.html?CNAME=pw01dde1010202602060720260712/D6,7,ジュンプリメーロ
https://www.jra.go.jp/JRADB/accessD.html?CNAME=pw01dde1010202602060720260712/D6,7,ヴィエントデコラ
https://www.jra.go.jp/JRADB/accessD.html?CNAME=pw01dde1010202602060720260712/D6,7,コルヴァス
https://www.jra.go.jp/JRADB/accessD.html?CNAME=pw01dde1010202602060720260712/D6,7,テーオーノーベル
https://www.jra.go.jp/JRADB/accessD.html?CNAME=pw01dde1010202602060720260712/D6,7,ニシノミチアキ
https://www.jra.go.jp/JRADB/accessD.html?CNAME=pw01dde1010202602060720260712/D6,7,エアフォースワン
https://www.jra.go.jp/JRADB/accessD.html?CNAME=pw01dde1010202602060720260712/D6,7,メイショウカズサ
https://www.jra.go.jp/JRADB/accessD.html?CNAME=pw01dde1010202602060820260712/8B,8,ミリタリータトゥー
https://www.jra.go.jp/JRADB/accessD.html?CNAME=pw01dde1010202602060820260712/8B,8,ペイシャシス
https://www.jra.go.jp/JRADB/accessD.html?CNAME=pw01dde1010202602060820260712/8B,8,コンバットペスカ
https://www.jra.go.jp/JRADB/accessD.html?CNAME=pw01dde1010202602060820260712/8B,8,エレガンシア
https://www.jra.go.jp/JRADB/accessD.html?CNAME=pw01dde1010202602060820260712/8B,8,メイショウピリカ
https://www.jra.go.jp/JRADB/accessD.html?CNAME=pw01dde1010202602060820260712/8B,8,レザンクレール
https://www.jra.go.jp/JRADB/accessD.html?CNAME=pw01dde1010202602060820260712/8B,8,ヴィーナスバブル
https://www.jra.go.jp/JRADB/accessD.html?CNAME=pw01dde1010202602060820260712/8B,8,タマモヒロイン
https://www.jra.go.jp/JRADB/accessD.html?CNAME=pw01dde1010202602060820260712/8B,8,ミッキーマーメイド
https://www.jra.go.jp/JRADB/accessD.html?CNAME=pw01dde1010202602060820260712/8B,8,エスコーラ
https://www.jra.go.jp/JRADB/accessD.html?CNAME=pw01dde1010202602060920260712/40,9,テンエースワン
https://www.jra.go.jp/JRADB/accessD.html?CNAME=pw01dde1010202602060920260712/40,9,タガノアニマシオン
https://www.jra.go.jp/JRADB/accessD.html?CNAME=pw01dde1010202602060920260712/40,9,ケイアイアルタイル
https://www.jra.go.jp/JRADB/accessD.html?CNAME=pw01dde1010202602060920260712/40,9,エンマ
https://www.jra.go.jp/JRADB/accessD.html?CNAME=pw01dde1010202602060920260712/40,9,ブルックリンダンス
https://www.jra.go.jp/JRADB/accessD.html?CNAME=pw01dde1010202602060920260712/40,9,ホウショウルクス
https://www.jra.go.jp/JRADB/accessD.html?CNAME=pw01dde1010202602060920260712/40,9,トモジャザーン
https://www.jra.go.jp/JRADB/accessD.html?CNAME=pw01dde1010202602060920260712/40,9,ショウナンバンライ
https://www.jra.go.jp/JRADB/accessD.html?CNAME=pw01dde1010202602060920260712/40,9,プウスカンドゥール
https://www.jra.go.jp/JRADB/accessD.html?CNAME=pw01dde1010202602060920260712/40,9,サンライズケヴィン
https://www.jra.go.jp/JRADB/accessD.html?CNAME=pw01dde1010202602060920260712/40,9,メイショウカズサ
https://www.jra.go.jp/JRADB/accessD.html?CNAME=pw01dde1010202602060920260712/40,9,ルフトクス
https://www.jra.go.jp/JRADB/accessD.html?CNAME=pw01dde1010202602060920260712/40,9,レアンダー
https://www.jra.go.jp/JRADB/accessD.html?CNAME=pw01dde1010202602060920260712/40,9,ヴァレーデラルナ
https://www.jra.go.jp/JRADB/accessD.html?CNAME=pw01dde1010202602060920260712/40,9,ブラックアーメット
https://www.jra.go.jp/JRADB/accessD.html?CNAME=pw01dde1010202602061020260712/35,10,ダノンカゼルタ
https://www.jra.go.jp/JRADB/accessD.html?CNAME=pw01dde1010202602061020260712/35,10,ショウナンハウル
https://www.jra.go.jp/JRADB/accessD.html?CNAME=pw01dde1010202602061020260712/35,10,プリズマジコ
https://www.jra.go.jp/JRADB/accessD.html?CNAME=pw01dde1010202602061020260712/35,10,ハッピーダンチャン
https://www.jra.go.jp/JRADB/accessD.html?CNAME=pw01dde1010202602061020260712/35,10,フォーチュンライド
https://www.jra.go.jp/JRADB/accessD.html?CNAME=pw01dde1010202602061020260712/35,10,アスクエピソード
https://www.jra.go.jp/JRADB/accessD.html?CNAME=pw01dde1010202602061020260712/35,10,レイピカケ
https://www.jra.go.jp/JRADB/accessD.html?CNAME=pw01dde1010202602061020260712/35,10,コリカンチャ
https://www.jra.go.jp/JRADB/accessD.html?CNAME=pw01dde1010202602061020260712/35,10,オデット
https://www.jra.go.jp/JRADB/accessD.html?CNAME=pw01dde1010202602061020260712/35,10,ジャスティンガルフ
https://www.jra.go.jp/JRADB/accessD.html?CNAME=pw01dde1010202602061020260712/35,10,オウケンボルト
https://www.jra.go.jp/JRADB/accessD.html?CNAME=pw01dde1010202602061020260712/35,10,ガイアフォース
https://www.jra.go.jp/JRADB/accessD.html?CNAME=pw01dde1010202602061020260712/35,10,アロマデローサ
https://www.jra.go.jp/JRADB/accessD.html?CNAME=pw01dde1010202602061020260712/35,10,メリオーレム
https://www.jra.go.jp/JRADB/accessD.html?CNAME=pw01dde1010202602061020260712/35,10,アドマイヤラヴィ
https://www.jra.go.jp/JRADB/accessD.html?CNAME=pw01dde1010202602061020260712/35,10,ディパッセ
https://www.jra.go.jp/JRADB/accessD.html?CNAME=pw01dde1010202602061020260712/35,10,ハンディーズピーク
https://www.jra.go.jp/JRADB/accessD.html?CNAME=pw01dde1010202602061120260712/EA,11,メルキオル
https://www.jra.go.jp/JRADB/accessD.html?CNAME=pw01dde1010202602061120260712/EA,11,ゴッドブルービー
https://www.jra.go.jp/JRADB/accessD.html?CNAME=pw01dde1010202602061120260712/EA,11,ジンセイ
https://www.jra.go.jp/JRADB/accessD.html?CNAME=pw01dde1010202602061120260712/EA,11,サンライズアリオン
https://www.jra.go.jp/JRADB/accessD.html?CNAME=pw01dde1010202602061120260712/EA,11,スナークラファエロ
https://www.jra.go.jp/JRADB/accessD.html?CNAME=pw01dde1010202602061120260712/EA,11,レイナデアルシーラ
https://www.jra.go.jp/JRADB/accessD.html?CNAME=pw01dde1010202602061120260712/EA,11,モンブランミノル
https://www.jra.go.jp/JRADB/accessD.html?CNAME=pw01dde1010202602061120260712/EA,11,メイショウズイウン
https://www.jra.go.jp/JRADB/accessD.html?CNAME=pw01dde1010202602061120260712/EA,11,シュラザック
https://www.jra.go.jp/JRADB/accessD.html?CNAME=pw01dde1010202602061120260712/EA,11,フェルヴェンテ
https://www.jra.go.jp/JRADB/accessD.html?CNAME=pw01dde1010202602061120260712/EA,11,モックモック
https://www.jra.go.jp/JRADB/accessD.html?CNAME=pw01dde1010202602061120260712/EA,11,メイショウカズサ
https://www.jra.go.jp/JRADB/accessD.html?CNAME=pw01dde1010202602061120260712/EA,11,ローズスター
https://www.jra.go.jp/JRADB/accessD.html?CNAME=pw01dde1010202602061120260712/EA,11,キングズソード
https://www.jra.go.jp/JRADB/accessD.html?CNAME=pw01dde1010202602061120260712/EA,11,デュードヴァン
https://www.jra.go.jp/JRADB/accessD.html?CNAME=pw01dde1010202602061120260712/EA,11,ケイアイパープル
https://www.jra.go.jp/JRADB/accessD.html?CNAME=pw01dde1010202602061220260712/9F,12,ドルチェミスト
https://www.jra.go.jp/JRADB/accessD.html?CNAME=pw01dde1010202602061220260712/9F,12,リアルアルバ
https://www.jra.go.jp/JRADB/accessD.html?CNAME=pw01dde1010202602061220260712/9F,12,セレブトーチ
https://www.jra.go.jp/JRADB/accessD.html?CNAME=pw01dde1010202602061220260712/9F,12,フィラーエ
https://www.jra.go.jp/JRADB/accessD.html?CNAME=pw01dde1010202602061220260712/9F,12,ウインマスカレード
https://www.jra.go.jp/JRADB/accessD.html?CNAME=pw01dde1010202602061220260712/9F,12,ジュエルハウス
https://www.jra.go.jp/JRADB/accessD.html?CNAME=pw01dde1010202602061220260712/9F,12,ラブカムーン
https://www.jra.go.jp/JRADB/accessD.html?CNAME=pw01dde1010202602061220260712/9F,12,ノボリリア
https://www.jra.go.jp/JRADB/accessD.html?CNAME=pw01dde1010202602061220260712/9F,12,テルヴィセクス
https://www.jra.go.jp/JRADB/accessD.html?CNAME=pw01dde1010202602061220260712/9F,12,ギザキズラヴ
https://www.jra.go.jp/JRADB/accessD.html?CNAME=pw01dde1010202602061220260712/9F,12,ウォーターデライト
https://www.jra.go.jp/JRADB/accessD.html?CNAME=pw01dde1010202602061220260712/9F,12,ベネメレンティ
https://www.jra.go.jp/JRADB/accessD.html?CNAME=pw01dde1010202602061220260712/9F,12,シャインベック
https://www.jra.go.jp/JRADB/accessD.html?CNAME=pw01dde1010202602061220260712/9F,12,アットザラヴアスク
https://www.jra.go.jp/JRADB/accessD.html?CNAME=pw01dde1010202602061220260712/9F,12,ベルファスト
https://www.jra.go.jp/JRADB/accessD.html?CNAME=pw01dde1010202602061220260712/9F,12,ジューンオアシス
https://www.jra.go.jp/JRADB/accessD.html?CNAME=pw01dde1010202602061220260712/9F,12,モルティフレーバー
https://www.jra.go.jp/JRADB/accessD.html?CNAME=pw01dde1010202602061220260712/9F,12,テイエムスパーダ
