date,race,race_id,開催地,bet_type,勝負ランク,prediction,result,hit,payout,investment,profit,roi
2026-07-04,函館01R,202602010701,函館,本命,C,アルテクィーン,1着:7,0,0,100,-100,0.0
2026-07-04,函館01R,202602010701,函館,ワイド,C,アルテクィーン－テイクケア｜アルテクィーン－アズライトティアラ｜アルテクィーン－トーセンルルド,2-7 / 5-7 / 2-5,1,320,300,20,106.7
2026-07-04,函館01R,202602010701,函館,馬連,C,アルテクィーン－アズライトティアラ｜アルテクィーン－テイクケア,2-7,0,0,200,-200,0.0
2026-07-04,函館01R,202602010701,函館,三連複,C,アルテクィーン－テイクケア－アズライトティアラ｜アルテクィーン－テイクケア－トーセンルルド｜アルテクィーン－アズライトティアラ－トーセンルルド｜アルテクィーン－テイクケア－ヌーンベルク｜アルテクィーン－アズライトティアラ－ヌーンベルク｜アルテクィーン－トーセンルルド－ヌーンベルク,2-5-7,0,0,600,-600,0.0
2026-07-04,函館01R,202602010701,函館,三連単,C,アルテクィーン－テイクケア－アズライトティアラ,7-2-5,0,0,100,-100,0.0
2026-07-04,函館02R,202602010702,函館,本命,C,トリニタリオ,1着:16,0,0,100,-100,0.0
2026-07-04,函館02R,202602010702,函館,ワイド,C,トリニタリオ－ヒメヒオウギ｜トリニタリオ－デイズインザサン｜トリニタリオ－ニシノマルガリート,3-16 / 5-16 / 3-5,1,420,300,120,140.0
2026-07-04,函館02R,202602010702,函館,馬連,C,トリニタリオ－ヒメヒオウギ｜トリニタリオ－デイズインザサン,3-16,0,0,200,-200,0.0
2026-07-04,函館02R,202602010702,函館,三連複,C,トリニタリオ－ヒメヒオウギ－デイズインザサン｜トリニタリオ－ヒメヒオウギ－ニシノマルガリート｜トリニタリオ－デイズインザサン－ニシノマルガリート｜トリニタリオ－ヒメヒオウギ－ワダツミ｜トリニタリオ－デイズインザサン－ワダツミ｜トリニタリオ－ヒメヒオウギ－メイショウローゼ,3-5-16,0,0,600,-600,0.0
2026-07-04,函館02R,202602010702,函館,三連単,C,トリニタリオ－デイズインザサン－ヒメヒオウギ,16-3-5,0,0,100,-100,0.0
2026-07-04,函館03R,202602010703,函館,本命,S,ペガサスウィンド,1着:9,0,0,100,-100,0.0
2026-07-04,函館03R,202602010703,函館,ワイド,S,ペガサスウィンド－ギンケイ｜ペガサスウィンド－ラショナルポイント｜ペガサスウィンド－ウォータースパウト,6-9 / 9-10 / 6-10,0,0,300,-300,0.0
2026-07-04,函館03R,202602010703,函館,馬連,S,ペガサスウィンド－ギンケイ｜ペガサスウィンド－ラショナルポイント,6-9,0,0,200,-200,0.0
2026-07-04,函館03R,202602010703,函館,三連複,S,ペガサスウィンド－ギンケイ－ラショナルポイント｜ペガサスウィンド－ギンケイ－ウォータースパウト｜ペガサスウィンド－ラショナルポイント－ウォータースパウト｜ペガサスウィンド－ギンケイ－ブリスフルイヤー｜ペガサスウィンド－ギンケイ－テリオスリコ｜ペガサスウィンド－ギンケイ－マスカルポーネ,6-9-10,0,0,600,-600,0.0
2026-07-04,函館03R,202602010703,函館,三連単,S,ペガサスウィンド－ウォータースパウト－テリオスリコ,9-6-10,0,0,100,-100,0.0
2026-07-04,函館04R,202602010704,函館,本命,S,スッサンエア,1着:14,0,0,100,-100,0.0
2026-07-04,函館04R,202602010704,函館,ワイド,S,スッサンエア－ヤジロベエバランス｜スッサンエア－フルムーン｜スッサンエア－ゲレイロ,2-14 / 1-14 / 1-2,0,0,300,-300,0.0
2026-07-04,函館04R,202602010704,函館,馬連,S,スッサンエア－ヤジロベエバランス｜スッサンエア－ゲレイロ,2-14,0,0,200,-200,0.0
2026-07-04,函館04R,202602010704,函館,三連複,S,スッサンエア－ヤジロベエバランス－ゲレイロ｜スッサンエア－ヤジロベエバランス－フルムーン｜スッサンエア－ヤジロベエバランス－ブラックジャック｜スッサンエア－ヤジロベエバランス－チェリーブルーム｜スッサンエア－フルムーン－ゲレイロ｜スッサンエア－ゲレイロ－ブラックジャック,1-2-14,0,0,600,-600,0.0
2026-07-04,函館04R,202602010704,函館,三連単,S,スッサンエア－ヤジロベエバランス－チェリーブルーム,14-2-1,0,0,100,-100,0.0
2026-07-04,函館06R,202602010706,函館,本命,C,ブレイズランナー,1着:5,0,0,100,-100,0.0
2026-07-04,函館06R,202602010706,函館,ワイド,C,ブレイズランナー－メイショウセンドウ｜ブレイズランナー－レッドフロイデ｜メイショウセンドウ－レッドフロイデ,5-11 / 2-5 / 2-11,1,300,300,0,100.0
2026-07-04,函館06R,202602010706,函館,馬連,C,ブレイズランナー－メイショウセンドウ｜ブレイズランナー－レッドフロイデ,5-11,0,0,200,-200,0.0
2026-07-04,函館06R,202602010706,函館,三連複,C,ブレイズランナー－メイショウセンドウ－レッドフロイデ,2-5-11,0,0,100,-100,0.0
2026-07-04,函館06R,202602010706,函館,三連単,C,ブレイズランナー－メイショウセンドウ－ディープマウンテン,5-11-2,0,0,100,-100,0.0
2026-07-04,函館07R,202602010707,函館,本命,A,デルマリシリ,1着:10,0,0,100,-100,0.0
2026-07-04,函館07R,202602010707,函館,ワイド,A,デルマリシリ－ツルノマイハシ｜デルマリシリ－メイショウハッケイ｜デルマリシリ－ライトニングロッド,3-10 / 5-10 / 3-5,1,630,300,330,210.0
2026-07-04,函館07R,202602010707,函館,馬連,A,デルマリシリ－ツルノマイハシ｜デルマリシリ－メイショウハッケイ,3-10,0,0,200,-200,0.0
2026-07-04,函館07R,202602010707,函館,三連複,A,デルマリシリ－ツルノマイハシ－メイショウハッケイ｜デルマリシリ－ツルノマイハシ－ライトニングロッド｜デルマリシリ－メイショウハッケイ－ライトニングロッド｜デルマリシリ－ツルノマイハシ－ストレイトアスク,3-5-10,0,0,400,-400,0.0
2026-07-04,函館07R,202602010707,函館,三連単,A,デルマリシリ－ツルノマイハシ－メイショウハッケイ,10-3-5,0,0,100,-100,0.0
2026-07-04,函館08R,202602010708,函館,本命,C,ペリプルス,1着:3,0,0,100,-100,0.0
2026-07-04,函館08R,202602010708,函館,ワイド,C,ペリプルス－グランアルト｜ペリプルス－バズアップビート｜ペリプルス－サイモンイロハニー,3-4 / 2-3 / 2-4,0,0,300,-300,0.0
2026-07-04,函館08R,202602010708,函館,馬連,C,ペリプルス－グランアルト｜ペリプルス－バズアップビート,3-4,0,0,200,-200,0.0
2026-07-04,函館08R,202602010708,函館,三連複,C,ペリプルス－グランアルト－バズアップビート｜ペリプルス－グランアルト－サイモンイロハニー｜ペリプルス－グランアルト－アスクファイアモア｜ペリプルス－バズアップビート－サイモンイロハニー｜ペリプルス－グランアルト－ニューアライブ｜ペリプルス－バズアップビート－アスクファイアモア,2-3-4,0,0,600,-600,0.0
2026-07-04,函館08R,202602010708,函館,三連単,C,ペリプルス－グランアルト－サイモンイロハニー,3-4-2,0,0,100,-100,0.0
2026-07-04,函館09R,202602010709,函館,本命,C,マイバラード,1着:6,0,0,100,-100,0.0
2026-07-04,函館09R,202602010709,函館,ワイド,C,マイバラード－ゴーゴータカシ｜マイバラード－グレーヌドジョワ｜ゴーゴータカシ－グレーヌドジョワ,6-7 / 1-6 / 1-7,0,0,300,-300,0.0
2026-07-04,函館09R,202602010709,函館,馬連,C,マイバラード－ゴーゴータカシ｜マイバラード－グレーヌドジョワ,6-7,0,0,200,-200,0.0
2026-07-04,函館09R,202602010709,函館,三連複,C,マイバラード－ゴーゴータカシ－グレーヌドジョワ｜マイバラード－ゴーゴータカシ－アルディスティーノ｜マイバラード－ゴーゴータカシ－グランセゾン｜マイバラード－グレーヌドジョワ－アルディスティーノ｜マイバラード－ゴーゴータカシ－タイキルッジェーロ｜マイバラード－グレーヌドジョワ－グランセゾン,1-6-7,0,0,600,-600,0.0
2026-07-04,函館09R,202602010709,函館,三連単,C,マイバラード－グレーヌドジョワ－ゴーゴータカシ,6-7-1,0,0,100,-100,0.0
2026-07-04,函館10R,202602010710,函館,本命,A,ケイアイアギト,1着:2,1,190,100,90,190.0
2026-07-04,函館10R,202602010710,函館,ワイド,A,ケイアイアギト－レッドライトニング｜ケイアイアギト－エアニゲラ｜ケイアイアギト－セボンサデッセ,1-2 / 2-6 / 1-6,1,410,300,110,136.7
2026-07-04,函館10R,202602010710,函館,馬連,A,ケイアイアギト－レッドライトニング｜ケイアイアギト－エアニゲラ,1-2,0,0,200,-200,0.0
2026-07-04,函館10R,202602010710,函館,三連複,A,ケイアイアギト－レッドライトニング－エアニゲラ｜ケイアイアギト－レッドライトニング－セボンサデッセ｜ケイアイアギト－セボンサデッセ－エアニゲラ｜ケイアイアギト－レッドライトニング－ディアウス｜ケイアイアギト－エアニゲラ－ディアウス｜ケイアイアギト－レッドライトニング－ストラーダ,1-2-6,0,0,600,-600,0.0
2026-07-04,函館10R,202602010710,函館,三連単,A,ケイアイアギト－オセアバトルプラン－レッドライトニング,2-1-6,0,0,100,-100,0.0
2026-07-04,函館11R,202602010711,函館,本命,C,マーブルパレス,1着:8,1,570,100,470,570.0
2026-07-04,函館11R,202602010711,函館,ワイド,C,マーブルパレス－アンジュプロミス｜マーブルパレス－サムハンター｜アンジュプロミス－サムハンター,8-12 / 8-14 / 12-14,0,0,300,-300,0.0
2026-07-04,函館11R,202602010711,函館,馬連,C,マーブルパレス－アンジュプロミス｜マーブルパレス－サムハンター,8-12,0,0,200,-200,0.0
2026-07-04,函館11R,202602010711,函館,三連複,C,マーブルパレス－アンジュプロミス－サムハンター｜マーブルパレス－アンジュプロミス－サウスバンク｜マーブルパレス－アンジュプロミス－パクスロマーナ｜マーブルパレス－サムハンター－サウスバンク｜マーブルパレス－アンジュプロミス－ルーフ｜マーブルパレス－アンジュプロミス－ウィルオレオール,8-12-14,0,0,600,-600,0.0
2026-07-04,函館11R,202602010711,函館,三連単,C,マーブルパレス－サムハンター－アンジュプロミス,8-12-14,0,0,100,-100,0.0
2026-07-04,函館12R,202602010712,函館,本命,C,ゴールドブレイズ,1着:6,0,0,100,-100,0.0
2026-07-04,函館12R,202602010712,函館,ワイド,C,ゴールドブレイズ－シーズザスローン｜ゴールドブレイズ－シュヴァルノワール｜ゴールドブレイズ－イサギ,4-6 / 3-6 / 3-4,1,120,300,-180,40.0
2026-07-04,函館12R,202602010712,函館,馬連,C,ゴールドブレイズ－シュヴァルノワール｜ゴールドブレイズ－シーズザスローン,4-6,0,0,200,-200,0.0
2026-07-04,函館12R,202602010712,函館,三連複,C,ゴールドブレイズ－シーズザスローン－シュヴァルノワール｜ゴールドブレイズ－シーズザスローン－イサギ｜ゴールドブレイズ－シュヴァルノワール－イサギ｜ゴールドブレイズ－シーズザスローン－ブレイジングスター｜ゴールドブレイズ－シュヴァルノワール－ブレイジングスター｜ゴールドブレイズ－シーズザスローン－アチーヴァー,3-4-6,1,440,600,-160,73.3
2026-07-04,函館12R,202602010712,函館,三連単,C,ゴールドブレイズ－シュヴァルノワール－イサギ,6-4-3,0,0,100,-100,0.0
2026-07-04,小倉01R,202610020301,小倉,本命,A,アバットゥータ,1着:11,0,0,100,-100,0.0
2026-07-04,小倉01R,202610020301,小倉,ワイド,A,アバットゥータ－アドアプローズ｜アバットゥータ－アクロスザリバー｜アバットゥータ－ゴールデンルーキー,7-11 / 6-11 / 6-7,0,0,300,-300,0.0
2026-07-04,小倉01R,202610020301,小倉,馬連,A,アバットゥータ－アドアプローズ｜アバットゥータ－アクロスザリバー,7-11,0,0,200,-200,0.0
2026-07-04,小倉01R,202610020301,小倉,三連複,A,アバットゥータ－アドアプローズ－アクロスザリバー｜アバットゥータ－アドアプローズ－ゴールデンルーキー｜アバットゥータ－アドアプローズ－ゴーツウキリシマ｜アバットゥータ－アクロスザリバー－ゴールデンルーキー｜アバットゥータ－アクロスザリバー－ゴーツウキリシマ｜アバットゥータ－アドアプローズ－アニージョ,6-7-11,0,0,600,-600,0.0
2026-07-04,小倉01R,202610020301,小倉,三連単,A,アバットゥータ－アクロスザリバー－アドアプローズ,11-7-6,0,0,100,-100,0.0
2026-07-04,小倉02R,202610020302,小倉,本命,B,ランスオブラヴ,1着:4,0,0,100,-100,0.0
2026-07-04,小倉02R,202610020302,小倉,ワイド,B,ランスオブラヴ－マルモリキャスター｜ランスオブラヴ－ロングジーニアス｜ランスオブラヴ－アイルトン,4-8 / 4-5 / 4-12 / 5-8 / 8-12,0,0,300,-300,0.0
2026-07-04,小倉02R,202610020302,小倉,馬連,B,ランスオブラヴ－マルモリキャスター｜ランスオブラヴ－ロングジーニアス,4-8,0,0,200,-200,0.0
2026-07-04,小倉02R,202610020302,小倉,三連複,B,ランスオブラヴ－マルモリキャスター－ロングジーニアス｜ランスオブラヴ－マルモリキャスター－アイルトン｜ランスオブラヴ－マルモリキャスター－パープルウインド｜ランスオブラヴ－アイルトン－ロングジーニアス｜ランスオブラヴ－マルモリキャスター－ニシノトリビュート｜ランスオブラヴ－ロングジーニアス－パープルウインド,4-5-8,0,0,600,-600,0.0
2026-07-04,小倉02R,202610020302,小倉,三連単,B,ランスオブラヴ－ロングジーニアス－マルモリキャスター,4-8-5,0,0,100,-100,0.0
2026-07-04,小倉03R,202610020303,小倉,本命,B,シャンドラファール,1着:8,0,0,100,-100,0.0
2026-07-04,小倉03R,202610020303,小倉,ワイド,B,シャンドラファール－テイエムプレミラン｜シャンドラファール－シャリキモン｜シャンドラファール－ドリームプレミア,8-11 / 8-13 / 11-13,1,900,300,600,300.0
2026-07-04,小倉03R,202610020303,小倉,馬連,B,シャンドラファール－テイエムプレミラン｜シャンドラファール－シャリキモン,8-11,0,0,200,-200,0.0
2026-07-04,小倉03R,202610020303,小倉,三連複,B,シャンドラファール－テイエムプレミラン－シャリキモン｜シャンドラファール－テイエムプレミラン－ドリームプレミア｜シャンドラファール－シャリキモン－ドリームプレミア｜シャンドラファール－テイエムプレミラン－カパルア｜シャンドラファール－シャリキモン－カパルア｜シャンドラファール－テイエムプレミラン－サトノトリニティ,8-11-13,1,1220,600,620,203.3
2026-07-04,小倉03R,202610020303,小倉,三連単,B,シャンドラファール－テイエムプレミラン－カパルア,8-11-13,0,0,100,-100,0.0
2026-07-04,小倉04R,202610020304,小倉,本命,C,アキノビューティー,1着:6,0,0,100,-100,0.0
2026-07-04,小倉04R,202610020304,小倉,ワイド,C,アキノビューティー－ダノンロワール｜アキノビューティー－アンティスマ｜アキノビューティー－マーゴットガイア,1-6 / 6-16 / 1-16,0,0,300,-300,0.0
2026-07-04,小倉04R,202610020304,小倉,馬連,C,アキノビューティー－ダノンロワール｜アキノビューティー－アンティスマ,1-6,0,0,200,-200,0.0
2026-07-04,小倉04R,202610020304,小倉,三連複,C,アキノビューティー－ダノンロワール－アンティスマ｜アキノビューティー－ダノンロワール－マーゴットガイア｜アキノビューティー－ダノンロワール－セントピュアベース｜アキノビューティー－アンティスマ－マーゴットガイア｜アキノビューティー－ダノンロワール－エンジェルグラース｜アキノビューティー－アンティスマ－セントピュアベース,1-6-16,0,0,600,-600,0.0
2026-07-04,小倉04R,202610020304,小倉,三連単,C,アキノビューティー－ダノンロワール－アンティスマ,6-1-16,0,0,100,-100,0.0
2026-07-04,小倉06R,202610020306,小倉,本命,C,ロンバルドシチー,1着:9,0,0,100,-100,0.0
2026-07-04,小倉06R,202610020306,小倉,ワイド,C,ロンバルドシチー－ピコオーバル｜ロンバルドシチー－ラッキーストーン｜ロンバルドシチー－キングズテイル,2-9 / 9-15 / 2-15,0,0,300,-300,0.0
2026-07-04,小倉06R,202610020306,小倉,馬連,C,ロンバルドシチー－ピコオーバル｜ロンバルドシチー－ラッキーストーン,2-9,0,0,200,-200,0.0
2026-07-04,小倉06R,202610020306,小倉,三連複,C,ロンバルドシチー－ピコオーバル－キングズテイル｜ロンバルドシチー－ピコオーバル－ラッキーストーン｜ロンバルドシチー－ピコオーバル－ピエナオルカ｜ロンバルドシチー－キングズテイル－ラッキーストーン｜ロンバルドシチー－ピエナオルカ－ラッキーストーン｜ロンバルドシチー－キングズテイル－ピエナオルカ,2-9-15,0,0,600,-600,0.0
2026-07-04,小倉06R,202610020306,小倉,三連単,C,ロンバルドシチー－ラッキーストーン－ハギノクリーガー,9-2-15,0,0,100,-100,0.0
2026-07-04,小倉07R,202610020307,小倉,本命,C,フェブリノ,1着:10,0,0,100,-100,0.0
2026-07-04,小倉07R,202610020307,小倉,ワイド,C,フェブリノ－ホワイトフレイムス｜フェブリノ－ララディアーブル｜フェブリノ－シンゼンイセ,9-10 / 10-13 / 9-13,0,0,300,-300,0.0
2026-07-04,小倉07R,202610020307,小倉,馬連,C,フェブリノ－ホワイトフレイムス｜フェブリノ－シンゼンイセ,9-10,0,0,200,-200,0.0
2026-07-04,小倉07R,202610020307,小倉,三連複,C,フェブリノ－ホワイトフレイムス－ララディアーブル｜フェブリノ－ホワイトフレイムス－シンゼンイセ｜フェブリノ－ホワイトフレイムス－ベンティガオルサ｜フェブリノ－ララディアーブル－シンゼンイセ｜フェブリノ－ララディアーブル－ベンティガオルサ｜フェブリノ－ベンティガオルサ－シンゼンイセ,9-10-13,0,0,600,-600,0.0
2026-07-04,小倉07R,202610020307,小倉,三連単,C,フェブリノ－シンゼンイセ－ホワイトフレイムス,10-9-13,0,0,100,-100,0.0
2026-07-04,小倉08R,202610020308,小倉,本命,B,ミヤフロント,1着:8,0,0,100,-100,0.0
2026-07-04,小倉08R,202610020308,小倉,ワイド,B,ミヤフロント－ブルーマッキンジー｜ミヤフロント－エルル｜ミヤフロント－ベラジオリン,2-8 / 6-8 / 2-6,0,0,300,-300,0.0
2026-07-04,小倉08R,202610020308,小倉,馬連,B,ミヤフロント－ブルーマッキンジー｜ミヤフロント－エルル,2-8,0,0,200,-200,0.0
2026-07-04,小倉08R,202610020308,小倉,三連複,B,ミヤフロント－ブルーマッキンジー－エルル｜ミヤフロント－ブルーマッキンジー－ベラジオリン｜ミヤフロント－ブルーマッキンジー－カネコメファミリー｜ミヤフロント－エルル－ベラジオリン｜ミヤフロント－エルル－カネコメファミリー｜ミヤフロント－カネコメファミリー－ベラジオリン,2-6-8,0,0,600,-600,0.0
2026-07-04,小倉08R,202610020308,小倉,三連単,B,ミヤフロント－ベラジオリン－カネコメファミリー,8-2-6,0,0,100,-100,0.0
2026-07-04,小倉09R,202610020309,小倉,本命,B,ネフェルアスティ,1着:7,0,0,100,-100,0.0
2026-07-04,小倉09R,202610020309,小倉,ワイド,B,ネフェルアスティ－スピリットライズ｜ネフェルアスティ－グッドピース｜ネフェルアスティ－ミライハーモニー,7-11 / 5-7 / 5-11,0,0,300,-300,0.0
2026-07-04,小倉09R,202610020309,小倉,馬連,B,ネフェルアスティ－スピリットライズ｜ネフェルアスティ－グッドピース,7-11,0,0,200,-200,0.0
2026-07-04,小倉09R,202610020309,小倉,三連複,B,ネフェルアスティ－スピリットライズ－グッドピース｜ネフェルアスティ－スピリットライズ－ミライハーモニー｜ネフェルアスティ－スピリットライズ－フィオラーノ｜ネフェルアスティ－グッドピース－ミライハーモニー｜ネフェルアスティ－スピリットライズ－ラブアイミー,5-7-11,0,0,500,-500,0.0
2026-07-04,小倉09R,202610020309,小倉,三連単,B,ネフェルアスティ－スピリットライズ－グッドピース,7-11-5,0,0,100,-100,0.0
2026-07-04,小倉10R,202610020310,小倉,本命,C,セールヴォラン,1着:6,0,0,100,-100,0.0
2026-07-04,小倉10R,202610020310,小倉,ワイド,C,セールヴォラン－ブルーノート｜セールヴォラン－ゴールデンバランス｜セールヴォラン－リクエイ,6-8 / 4-6 / 4-8,0,0,300,-300,0.0
2026-07-04,小倉10R,202610020310,小倉,馬連,C,セールヴォラン－ブルーノート｜セールヴォラン－ゴールデンバランス,6-8,0,0,200,-200,0.0
2026-07-04,小倉10R,202610020310,小倉,三連複,C,セールヴォラン－ブルーノート－ゴールデンバランス｜セールヴォラン－ブルーノート－ザウリ｜セールヴォラン－ブルーノート－リクエイ｜セールヴォラン－ゴールデンバランス－リクエイ｜セールヴォラン－ゴールデンバランス－ザウリ｜セールヴォラン－ザウリ－リクエイ,4-6-8,0,0,600,-600,0.0
2026-07-04,小倉10R,202610020310,小倉,三連単,C,セールヴォラン－リクエイ－ブルーノート,6-8-4,0,0,100,-100,0.0
2026-07-04,小倉11R,202610020311,小倉,本命,B,モアリジット,1着:3,0,0,100,-100,0.0
2026-07-04,小倉11R,202610020311,小倉,ワイド,B,モアリジット－ヴィスマール｜モアリジット－サウンドムーブ｜モアリジット－ネブラディスク,3-4 / 1-3 / 1-4,0,0,300,-300,0.0
2026-07-04,小倉11R,202610020311,小倉,馬連,B,モアリジット－サウンドムーブ｜モアリジット－ヴィスマール,3-4,0,0,200,-200,0.0
2026-07-04,小倉11R,202610020311,小倉,三連複,B,モアリジット－ヴィスマール－サウンドムーブ｜モアリジット－ヴィスマール－ネブラディスク｜モアリジット－サウンドムーブ－ネブラディスク｜モアリジット－ヴィスマール－アラタマフェーヴル｜モアリジット－サウンドムーブ－アラタマフェーヴル｜モアリジット－ネブラディスク－アラタマフェーヴル,1-3-4,0,0,600,-600,0.0
2026-07-04,小倉11R,202610020311,小倉,三連単,B,モアリジット－サウンドムーブ－ナヴォーナ,3-4-1,0,0,100,-100,0.0
2026-07-04,小倉12R,202610020312,小倉,本命,B,ジャンヌローサ,1着:6,0,0,100,-100,0.0
2026-07-04,小倉12R,202610020312,小倉,ワイド,B,ジャンヌローサ－ムーンリットアイル｜ジャンヌローサ－ペンテリコン｜ジャンヌローサ－ミトノリン,1-6 / 6-7 / 1-7,0,0,300,-300,0.0
2026-07-04,小倉12R,202610020312,小倉,馬連,B,ジャンヌローサ－ムーンリットアイル,1-6,0,0,100,-100,0.0
2026-07-04,小倉12R,202610020312,小倉,三連複,B,ジャンヌローサ－ムーンリットアイル－ペンテリコン｜ジャンヌローサ－ムーンリットアイル－ミトノリン｜ジャンヌローサ－ムーンリットアイル－アカウフリューゲル｜ジャンヌローサ－ムーンリットアイル－ユメシバイ｜ジャンヌローサ－ムーンリットアイル－ラブカムーン,1-6-7,0,0,500,-500,0.0
2026-07-04,小倉12R,202610020312,小倉,三連単,B,ジャンヌローサ－ムーンリットアイル－ミトノリン,6-1-7,0,0,100,-100,0.0
2026-07-04,福島01R,202603020301,福島,本命,C,コスモハナミズキ,1着:1,1,1780,100,1680,1780.0
2026-07-04,福島01R,202603020301,福島,ワイド,C,コスモハナミズキ－ウィンターブリーズ｜コスモハナミズキ－エムアイブレイズ｜ウィンターブリーズ－エムアイブレイズ,1-3 / 1-5 / 3-5,1,190,300,-110,63.3
2026-07-04,福島01R,202603020301,福島,馬連,C,コスモハナミズキ－ウィンターブリーズ｜コスモハナミズキ－エムアイブレイズ,1-3,1,590,200,390,295.0
2026-07-04,福島01R,202603020301,福島,三連複,C,コスモハナミズキ－ウィンターブリーズ－エムアイブレイズ｜コスモハナミズキ－ウィンターブリーズ－シーズザチャンス｜コスモハナミズキ－エムアイブレイズ－シーズザチャンス｜ウィンターブリーズ－エムアイブレイズ－シーズザチャンス｜コスモハナミズキ－ウィンターブリーズ－ニューロファイター｜コスモハナミズキ－エムアイブレイズ－ニューロファイター,1-3-5,0,0,600,-600,0.0
2026-07-04,福島01R,202603020301,福島,三連単,C,コスモハナミズキ－エムアイブレイズ－シーズザチャンス,1-3-5,0,0,100,-100,0.0
2026-07-04,福島02R,202603020302,福島,本命,C,ファランギーナ,1着:2,0,0,100,-100,0.0
2026-07-04,福島02R,202603020302,福島,ワイド,C,ファランギーナ－ドナディクオーレ｜ファランギーナ－アイスアイスベイビ｜ドナディクオーレ－アイスアイスベイビ,2-7 / 1-2 / 1-7,0,0,300,-300,0.0
2026-07-04,福島02R,202603020302,福島,馬連,C,ファランギーナ－ドナディクオーレ｜ドナディクオーレ－アイスアイスベイビ,2-7,0,0,200,-200,0.0
2026-07-04,福島02R,202603020302,福島,三連複,C,ファランギーナ－ドナディクオーレ－アイスアイスベイビ｜ファランギーナ－ドナディクオーレ－ベルトラッキ｜ファランギーナ－アイスアイスベイビ－ベルトラッキ｜ドナディクオーレ－アイスアイスベイビ－ベルトラッキ｜ファランギーナ－ドナディクオーレ－ミサダメキメル｜ファランギーナ－ドナディクオーレ－クライングナウ,1-2-7,0,0,600,-600,0.0
2026-07-04,福島02R,202603020302,福島,三連単,C,ファランギーナ－ドナディクオーレ－ミサダメキメル,2-7-1,0,0,100,-100,0.0
2026-07-04,福島03R,202603020303,福島,本命,C,イントゥザウインド,1着:9,0,0,100,-100,0.0
2026-07-04,福島03R,202603020303,福島,ワイド,C,イントゥザウインド－キタノドンカルロ｜イントゥザウインド－ワンダーブリッツ｜イントゥザウインド－パワポケグッド,8-9 / 9-12 / 8-12,1,150,300,-150,50.0
2026-07-04,福島03R,202603020303,福島,馬連,C,イントゥザウインド－キタノドンカルロ｜イントゥザウインド－ワンダーブリッツ,8-9,0,0,200,-200,0.0
2026-07-04,福島03R,202603020303,福島,三連複,C,イントゥザウインド－キタノドンカルロ－ワンダーブリッツ｜イントゥザウインド－キタノドンカルロ－パワポケグッド｜イントゥザウインド－ワンダーブリッツ－パワポケグッド｜イントゥザウインド－キタノドンカルロ－セイクリッドシチー｜イントゥザウインド－ワンダーブリッツ－セイクリッドシチー｜イントゥザウインド－キタノドンカルロ－ショウナンタヅナ,8-9-12,0,0,600,-600,0.0
2026-07-04,福島03R,202603020303,福島,三連単,C,イントゥザウインド－パワポケグッド－セイクリッドシチー,9-8-12,0,0,100,-100,0.0
2026-07-04,福島04R,202603020304,福島,本命,C,リーデレクオーレ,1着:9,0,0,100,-100,0.0
2026-07-04,福島04R,202603020304,福島,ワイド,C,リーデレクオーレ－アーリマックス｜リーデレクオーレ－ナディア｜リーデレクオーレ－グレイシエーション,9-16 / 9-12 / 12-16,1,270,300,-30,90.0
2026-07-04,福島04R,202603020304,福島,馬連,C,リーデレクオーレ－アーリマックス｜リーデレクオーレ－ナディア,9-16,0,0,200,-200,0.0
2026-07-04,福島04R,202603020304,福島,三連複,C,リーデレクオーレ－アーリマックス－ナディア｜リーデレクオーレ－アーリマックス－グレイシエーション｜リーデレクオーレ－アーリマックス－ラウンドヒル｜リーデレクオーレ－アーリマックス－ロジスカヤ｜リーデレクオーレ－アーリマックス－ホウオウミステリー｜リーデレクオーレ－ナディア－グレイシエーション,9-12-16,0,0,600,-600,0.0
2026-07-04,福島04R,202603020304,福島,三連単,C,リーデレクオーレ－アーリマックス－ナディア,9-16-12,0,0,100,-100,0.0
2026-07-04,福島07R,202603020307,福島,本命,C,フレキシブル,1着:7,1,520,100,420,520.0
2026-07-04,福島07R,202603020307,福島,ワイド,C,フレキシブル－アールグレイ｜フレキシブル－ピースフルマインド｜アールグレイ－ピースフルマインド,7-9 / 7-14 / 9-14,1,490,300,190,163.3
2026-07-04,福島07R,202603020307,福島,馬連,C,フレキシブル－アールグレイ｜フレキシブル－ピースフルマインド,7-9,0,0,200,-200,0.0
2026-07-04,福島07R,202603020307,福島,三連複,C,フレキシブル－アールグレイ－ピースフルマインド｜フレキシブル－アールグレイ－ダイヤモンドパレス｜フレキシブル－アールグレイ－ホウオウライラック｜フレキシブル－アールグレイ－フロンテアムーン｜フレキシブル－ピースフルマインド－ダイヤモンドパレス｜フレキシブル－ピースフルマインド－ホウオウライラック,7-9-14,0,0,600,-600,0.0
2026-07-04,福島07R,202603020307,福島,三連単,C,フレキシブル－ホウオウライラック－フロンテアムーン,7-9-14,0,0,100,-100,0.0
2026-07-04,福島08R,202603020308,福島,本命,C,ゴーゴーパンチ,1着:3,0,0,100,-100,0.0
2026-07-04,福島08R,202603020308,福島,ワイド,C,ゴーゴーパンチ－コスモシェルベット｜ゴーゴーパンチ－ヤングアメリカンズ｜ゴーゴーパンチ－ベルチュガダン,3-4 / 3-8 / 4-8,0,0,300,-300,0.0
2026-07-04,福島08R,202603020308,福島,馬連,C,ゴーゴーパンチ－コスモシェルベット｜ゴーゴーパンチ－ヤングアメリカンズ,3-4,0,0,200,-200,0.0
2026-07-04,福島08R,202603020308,福島,三連複,C,ゴーゴーパンチ－ヤングアメリカンズ－コスモシェルベット｜ゴーゴーパンチ－ベルチュガダン－コスモシェルベット｜ゴーゴーパンチ－ベルチュガダン－ヤングアメリカンズ｜ベルチュガダン－ヤングアメリカンズ－コスモシェルベット｜ゴーゴーパンチ－ヤングアメリカンズ－ルシャルムール｜ゴーゴーパンチ－ベルチュガダン－ルシャルムール,3-4-8,0,0,600,-600,0.0
2026-07-04,福島08R,202603020308,福島,三連単,C,ゴーゴーパンチ－コスモシェルベット－エスシーレイジュ,3-4-8,0,0,100,-100,0.0
2026-07-04,福島09R,202603020309,福島,本命,C,コスモアチーブ,1着:5,0,0,100,-100,0.0
2026-07-04,福島09R,202603020309,福島,ワイド,C,コスモアチーブ－ミッドセンチュリー｜コスモアチーブ－マイネルボス｜コスモアチーブ－トレベルオール,5-7 / 5-6 / 6-7,0,0,300,-300,0.0
2026-07-04,福島09R,202603020309,福島,馬連,C,コスモアチーブ－ミッドセンチュリー｜コスモアチーブ－マイネルボス,5-7,0,0,200,-200,0.0
2026-07-04,福島09R,202603020309,福島,三連複,C,コスモアチーブ－ミッドセンチュリー－トレベルオール｜コスモアチーブ－ミッドセンチュリー－マイネルボス｜コスモアチーブ－マイネルボス－トレベルオール｜ミッドセンチュリー－マイネルボス－トレベルオール｜コスモアチーブ－ミッドセンチュリー－アローメタル｜コスモアチーブ－マイネルボス－アローメタル,5-6-7,0,0,600,-600,0.0
2026-07-04,福島09R,202603020309,福島,三連単,C,コスモアチーブ－マイネルボス－トレベルオール,5-7-6,0,0,100,-100,0.0
2026-07-04,福島10R,202603020310,福島,本命,C,ディーズゴールド,1着:4,1,270,100,170,270.0
2026-07-04,福島10R,202603020310,福島,ワイド,C,ディーズゴールド－レッドベルダンス｜ディーズゴールド－マンダリンボレロ｜レッドベルダンス－マンダリンボレロ,4-10 / 3-4 / 3-10,1,340,300,40,113.3
2026-07-04,福島10R,202603020310,福島,馬連,C,ディーズゴールド－レッドベルダンス｜ディーズゴールド－マンダリンボレロ,4-10,0,0,200,-200,0.0
2026-07-04,福島10R,202603020310,福島,三連複,C,ディーズゴールド－レッドベルダンス－マンダリンボレロ｜ディーズゴールド－レッドベルダンス－トゥーザムーン｜ディーズゴールド－レッドベルダンス－ダディーズトリップ｜ディーズゴールド－レッドベルダンス－エリーナストーム｜ディーズゴールド－マンダリンボレロ－トゥーザムーン｜ディーズゴールド－マンダリンボレロ－ダディーズトリップ,3-4-10,0,0,600,-600,0.0
2026-07-04,福島10R,202603020310,福島,三連単,C,ディーズゴールド－マンダリンボレロ－レッドベルダンス,4-10-3,0,0,100,-100,0.0
2026-07-04,福島11R,202603020311,福島,本命,C,イリフィ,1着:9,0,0,100,-100,0.0
2026-07-04,福島11R,202603020311,福島,ワイド,C,テセラリアン－イリフィ｜イリフィ－ゲイルライダー｜テセラリアン－ゲイルライダー,8-9 / 3-9 / 3-8,1,210,300,-90,70.0
2026-07-04,福島11R,202603020311,福島,馬連,C,テセラリアン－イリフィ｜イリフィ－ゲイルライダー,8-9,1,380,200,180,190.0
2026-07-04,福島11R,202603020311,福島,三連複,C,テセラリアン－イリフィ－ゲイルライダー｜テセラリアン－イリフィ－ラストシャリナ｜イリフィ－ゲイルライダー－ラストシャリナ｜テセラリアン－ゲイルライダー－ラストシャリナ｜テセラリアン－イリフィ－メイショウコバト,3-8-9,1,2220,500,1720,444.0
2026-07-04,福島11R,202603020311,福島,三連単,C,イリフィ－テセラリアン－ラストシャリナ,9-8-3,0,0,100,-100,0.0
2026-07-04,福島12R,202603020312,福島,本命,C,ブラックティンカー,1着:13,0,0,100,-100,0.0
2026-07-04,福島12R,202603020312,福島,ワイド,C,ブラックティンカー－トワニ｜ブラックティンカー－カガラプンツェル｜トワニ－カガラプンツェル,10-13 / 13-16 / 10-16,0,0,300,-300,0.0
2026-07-04,福島12R,202603020312,福島,馬連,C,ブラックティンカー－トワニ｜ブラックティンカー－カガラプンツェル,10-13,0,0,200,-200,0.0
2026-07-04,福島12R,202603020312,福島,三連複,C,ブラックティンカー－トワニ－カガラプンツェル｜ブラックティンカー－トワニ－リラベガ｜ブラックティンカー－トワニ－カシノリアーナ｜ブラックティンカー－カガラプンツェル－カシノリアーナ｜ブラックティンカー－カガラプンツェル－リラベガ｜トワニ－カガラプンツェル－カシノリアーナ,10-13-16,0,0,600,-600,0.0
2026-07-04,福島12R,202603020312,福島,三連単,C,ブラックティンカー－カシノリアーナ－トワニ,13-10-16,0,0,100,-100,0.0
2026-07-05,函館01R,202602010801,函館,本命,C,キチロクタワー,1着:4,0,0,100,-100,0.0
2026-07-05,函館01R,202602010801,函館,ワイド,C,キチロクタワー－チカバリエンテ｜キチロクタワー－ライーリーアース｜チカバリエンテ－ライーリーアース,4-7 / 2-4 / 2-7,1,2080,300,1780,693.3
2026-07-05,函館01R,202602010801,函館,馬連,C,キチロクタワー－チカバリエンテ｜キチロクタワー－ライーリーアース,4-7,0,0,200,-200,0.0
2026-07-05,函館01R,202602010801,函館,三連複,C,キチロクタワー－チカバリエンテ－ライーリーアース｜キチロクタワー－チカバリエンテ－コックニー｜キチロクタワー－チカバリエンテ－マナベラ｜キチロクタワー－ライーリーアース－コックニー｜キチロクタワー－チカバリエンテ－クリアストライク,2-4-7,1,4270,500,3770,854.0
2026-07-05,函館01R,202602010801,函館,三連単,C,キチロクタワー－ライーリーアース－チカバリエンテ,4-7-2,0,0,100,-100,0.0
2026-07-05,函館02R,202602010802,函館,本命,S,グレイトソン,1着:10,1,180,100,80,180.0
2026-07-05,函館02R,202602010802,函館,ワイド,S,グレイトソン－カッサンドラ｜グレイトソン－ジェッディンデデン｜グレイトソン－ロードベルファスト,3-10 / 7-10 / 3-7,1,200,300,-100,66.7
2026-07-05,函館02R,202602010802,函館,馬連,S,グレイトソン－カッサンドラ｜グレイトソン－ジェッディンデデン,3-10,1,460,200,260,230.0
2026-07-05,函館02R,202602010802,函館,三連複,S,グレイトソン－カッサンドラ－ジェッディンデデン｜グレイトソン－カッサンドラ－ロードベルファスト｜グレイトソン－カッサンドラ－マーマレードスカイ｜グレイトソン－カッサンドラ－ジャストキュート｜グレイトソン－カッサンドラ－カプリースカラー｜グレイトソン－カッサンドラ－ミスマラッカ,3-7-10,1,530,600,-70,88.3
2026-07-05,函館02R,202602010802,函館,三連単,S,グレイトソン－カッサンドラ－ジェッディンデデン,10-3-7,0,0,100,-100,0.0
2026-07-05,函館03R,202602010803,函館,本命,C,ゴンフィンガー,1着:11,0,0,100,-100,0.0
2026-07-05,函館03R,202602010803,函館,ワイド,C,ゴンフィンガー－ジャストグレース｜ゴンフィンガー－レースクイーン｜ジャストグレース－レースクイーン,1-11 / 11-13 / 1-13,0,0,300,-300,0.0
2026-07-05,函館03R,202602010803,函館,馬連,C,ゴンフィンガー－ジャストグレース｜ゴンフィンガー－レースクイーン,1-11,0,0,200,-200,0.0
2026-07-05,函館03R,202602010803,函館,三連複,C,ゴンフィンガー－ジャストグレース－レースクイーン｜ゴンフィンガー－ジャストグレース－ニシノモリミチ｜ゴンフィンガー－ジャストグレース－ガーディアンテイル｜ゴンフィンガー－ジャストグレース－クッカユフラ｜ゴンフィンガー－レースクイーン－ニシノモリミチ,1-11-13,0,0,500,-500,0.0
2026-07-05,函館03R,202602010803,函館,三連単,C,ゴンフィンガー－レースクイーン－ジャストグレース,11-1-13,0,0,100,-100,0.0
2026-07-05,函館04R,202602010804,函館,本命,C,チャーミングアイ,1着:16,0,0,100,-100,0.0
2026-07-05,函館04R,202602010804,函館,ワイド,C,チャーミングアイ－コスモファーブロス｜チャーミングアイ－ハルヒメ｜チャーミングアイ－マメーアップル,2-16 / 13-16 / 2-13,0,0,300,-300,0.0
2026-07-05,函館04R,202602010804,函館,馬連,C,チャーミングアイ－コスモファーブロス｜チャーミングアイ－マメーアップル,2-16,0,0,200,-200,0.0
2026-07-05,函館04R,202602010804,函館,三連複,C,チャーミングアイ－コスモファーブロス－ハルヒメ｜チャーミングアイ－コスモファーブロス－マメーアップル｜チャーミングアイ－コスモファーブロス－ブルーエ｜チャーミングアイ－コスモファーブロス－レオダーム｜チャーミングアイ－ハルヒメ－マメーアップル｜チャーミングアイ－ハルヒメ－ブルーエ,2-13-16,0,0,600,-600,0.0
2026-07-05,函館04R,202602010804,函館,三連単,C,チャーミングアイ－レオダーム－マメーアップル,16-2-13,0,0,100,-100,0.0
2026-07-05,函館06R,202602010806,函館,本命,C,ギオンバヤシ,1着:6,0,0,100,-100,0.0
2026-07-05,函館06R,202602010806,函館,ワイド,C,ギオンバヤシ－ルナティックブルー｜ギオンバヤシ－エイシンインアウト｜ルナティックブルー－エイシンインアウト,6-16 / 6-12 / 12-16,1,550,300,250,183.3
2026-07-05,函館06R,202602010806,函館,馬連,C,ギオンバヤシ－ルナティックブルー｜ルナティックブルー－エイシンインアウト,6-16,0,0,200,-200,0.0
2026-07-05,函館06R,202602010806,函館,三連複,C,ギオンバヤシ－ルナティックブルー－エイシンインアウト｜ギオンバヤシ－ルナティックブルー－ショウナンマルチ｜ギオンバヤシ－ルナティックブルー－マコトアディントン｜ギオンバヤシ－ルナティックブルー－ゴコウコイコイ｜ギオンバヤシ－エイシンインアウト－ショウナンマルチ｜ギオンバヤシ－エイシンインアウト－マコトアディントン,6-12-16,1,1320,600,720,220.0
2026-07-05,函館06R,202602010806,函館,三連単,C,ギオンバヤシ－ルナティックブルー－ゴコウコイコイ,6-16-12,0,0,100,-100,0.0
2026-07-05,函館07R,202602010807,函館,本命,C,アルヘンティニータ,1着:7,0,0,100,-100,0.0
2026-07-05,函館07R,202602010807,函館,ワイド,C,アルヘンティニータ－キャンドルマス｜アルヘンティニータ－ムーンブランシュ｜キャンドルマス－ムーンブランシュ,7-8 / 2-7 / 2-8,1,420,300,120,140.0
2026-07-05,函館07R,202602010807,函館,馬連,C,アルヘンティニータ－キャンドルマス｜アルヘンティニータ－ムーンブランシュ,7-8,0,0,200,-200,0.0
2026-07-05,函館07R,202602010807,函館,三連複,C,アルヘンティニータ－キャンドルマス－ムーンブランシュ｜アルヘンティニータ－キャンドルマス－マインセーラ｜アルヘンティニータ－ムーンブランシュ－マインセーラ｜アルヘンティニータ－キャンドルマス－カップッチョ｜アルヘンティニータ－ムーンブランシュ－カップッチョ,2-7-8,0,0,500,-500,0.0
2026-07-05,函館07R,202602010807,函館,三連単,C,アルヘンティニータ－キャンドルマス－カップッチョ,7-8-2,0,0,100,-100,0.0
2026-07-05,函館08R,202602010808,函館,本命,C,ブリスフル,1着:4,0,0,100,-100,0.0
2026-07-05,函館08R,202602010808,函館,ワイド,C,ブリスフル－ポンピエ｜ブリスフル－ゴールドドレッサ｜ブリスフル－ナクライト,2-4 / 1-4 / 1-2,0,0,300,-300,0.0
2026-07-05,函館08R,202602010808,函館,馬連,C,ブリスフル－ゴールドドレッサ｜ブリスフル－ポンピエ,2-4,0,0,200,-200,0.0
2026-07-05,函館08R,202602010808,函館,三連複,C,ブリスフル－ゴールドドレッサ－ポンピエ｜ブリスフル－ポンピエ－ナクライト｜ブリスフル－ゴールドドレッサ－ナクライト｜ブリスフル－ポンピエ－アオハルブルース｜ブリスフル－ゴールドドレッサ－アオハルブルース｜ブリスフル－ナクライト－アオハルブルース,1-2-4,0,0,600,-600,0.0
2026-07-05,函館08R,202602010808,函館,三連単,C,ブリスフル－ポンピエ－ゴールドドレッサ,4-2-1,0,0,100,-100,0.0
2026-07-05,函館09R,202602010809,函館,本命,S,マナボニート,1着:16,0,0,100,-100,0.0
2026-07-05,函館09R,202602010809,函館,ワイド,S,マナボニート－サンタアニタ｜マナボニート－セイプリーズ｜マナボニート－モズアンタレス,3-16 / 6-16 / 3-6,1,460,300,160,153.3
2026-07-05,函館09R,202602010809,函館,馬連,S,マナボニート－サンタアニタ,3-16,0,0,100,-100,0.0
2026-07-05,函館09R,202602010809,函館,三連複,S,マナボニート－サンタアニタ－セイプリーズ｜マナボニート－サンタアニタ－モズアンタレス｜マナボニート－サンタアニタ－ベルビースタローン,3-6-16,0,0,300,-300,0.0
2026-07-05,函館09R,202602010809,函館,三連単,S,マナボニート－サンタアニタ－モズアンタレス,16-3-6,0,0,100,-100,0.0
2026-07-05,函館10R,202602010810,函館,本命,C,リアルファインド,1着:1,0,0,100,-100,0.0
2026-07-05,函館10R,202602010810,函館,ワイド,C,リアルファインド－ゴールデンパゴーダ｜リアルファインド－ラーシャローム｜リアルファインド－ジュンツバメガエシ,1-7 / 1-11 / 7-11,0,0,300,-300,0.0
2026-07-05,函館10R,202602010810,函館,馬連,C,リアルファインド－ゴールデンパゴーダ｜リアルファインド－ラーシャローム,1-7,0,0,200,-200,0.0
2026-07-05,函館10R,202602010810,函館,三連複,C,リアルファインド－ゴールデンパゴーダ－ラーシャローム｜リアルファインド－ゴールデンパゴーダ－ジュンツバメガエシ｜リアルファインド－ゴールデンパゴーダ－バースライト｜リアルファインド－ラーシャローム－ジュンツバメガエシ｜リアルファインド－ラーシャローム－バースライト｜リアルファインド－ゴールデンパゴーダ－アスクデッドヒート,1-7-11,0,0,600,-600,0.0
2026-07-05,函館10R,202602010810,函館,三連単,C,リアルファインド－ゴールデンパゴーダ－バースライト,1-7-11,0,0,100,-100,0.0
2026-07-05,函館11R,202602010811,函館,本命,A,カナルビーグル,1着:11,0,0,100,-100,0.0
2026-07-05,函館11R,202602010811,函館,ワイド,A,カナルビーグル－プロミストジーン｜カナルビーグル－ラタフォレスト｜プロミストジーン－ラタフォレスト,6-11 / 7-11 / 6-7,0,0,300,-300,0.0
2026-07-05,函館11R,202602010811,函館,馬連,A,カナルビーグル－プロミストジーン｜カナルビーグル－ラタフォレスト,6-11,0,0,200,-200,0.0
2026-07-05,函館11R,202602010811,函館,三連複,A,カナルビーグル－プロミストジーン－ラタフォレスト｜カナルビーグル－プロミストジーン－ワイドブリザード｜カナルビーグル－プロミストジーン－アスクデビューモア｜カナルビーグル－プロミストジーン－コトホドサヨウニ｜カナルビーグル－プロミストジーン－ホールシバン｜カナルビーグル－プロミストジーン－ヒルノハンブルク,6-7-11,0,0,600,-600,0.0
2026-07-05,函館11R,202602010811,函館,三連単,A,カナルビーグル－アスクデビューモア－プロミストジーン,11-6-7,0,0,100,-100,0.0
2026-07-05,函館12R,202602010812,函館,本命,C,グランフィエルテ,1着:4,0,0,100,-100,0.0
2026-07-05,函館12R,202602010812,函館,ワイド,C,グランフィエルテ－ララバニュルス｜グランフィエルテ－ソードマスター｜グランフィエルテ－コモンスナイプ,4-7 / 4-10 / 7-10,0,0,300,-300,0.0
2026-07-05,函館12R,202602010812,函館,馬連,C,グランフィエルテ－ララバニュルス｜グランフィエルテ－ソードマスター,4-7,0,0,200,-200,0.0
2026-07-05,函館12R,202602010812,函館,三連複,C,グランフィエルテ－ララバニュルス－ソードマスター｜グランフィエルテ－ララバニュルス－コモンスナイプ｜グランフィエルテ－ララバニュルス－ブライトアゲイン｜グランフィエルテ－ソードマスター－コモンスナイプ｜グランフィエルテ－ソードマスター－ブライトアゲイン｜グランフィエルテ－ララバニュルス－フレンドモナコ,4-7-10,0,0,600,-600,0.0
2026-07-05,函館12R,202602010812,函館,三連単,C,グランフィエルテ－ソードマスター－コモンスナイプ,4-7-10,0,0,100,-100,0.0
2026-07-05,小倉01R,202610020401,小倉,本命,C,ガストン,1着:12,0,0,100,-100,0.0
2026-07-05,小倉01R,202610020401,小倉,ワイド,C,ガストン－ボールドハーテッド｜ガストン－タガノバルコス｜ガストン－ストラクチャー,3-12 / 2-12 / 2-3,1,830,300,530,276.7
2026-07-05,小倉01R,202610020401,小倉,馬連,C,ガストン－ボールドハーテッド｜ガストン－ストラクチャー,3-12,0,0,200,-200,0.0
2026-07-05,小倉01R,202610020401,小倉,三連複,C,ガストン－ボールドハーテッド－タガノバルコス｜ガストン－ボールドハーテッド－ストラクチャー｜ガストン－ボールドハーテッド－ドラギニャン｜ガストン－ドラギニャン－ストラクチャー｜ガストン－タガノバルコス－ストラクチャー｜ガストン－タガノバルコス－ドラギニャン,2-3-12,1,3960,600,3360,660.0
2026-07-05,小倉01R,202610020401,小倉,三連単,C,ガストン－ボールドハーテッド－ストラクチャー,12-3-2,0,0,100,-100,0.0
2026-07-05,小倉02R,202610020402,小倉,本命,C,ヘキレキ,1着:10,0,0,100,-100,0.0
2026-07-05,小倉02R,202610020402,小倉,ワイド,C,カシノヴィタ－ヘキレキ｜ヘキレキ－グレートキリシマ｜カシノヴィタ－ユイノジカンカセギ,7-10 / 8-10 / 7-8,0,0,300,-300,0.0
2026-07-05,小倉02R,202610020402,小倉,馬連,C,カシノヴィタ－ヘキレキ｜ヘキレキ－グレートキリシマ,7-10,0,0,200,-200,0.0
2026-07-05,小倉02R,202610020402,小倉,三連複,C,カシノヴィタ－ヘキレキ－ユイノジカンカセギ｜カシノヴィタ－ヘキレキ－グレートキリシマ｜ヘキレキ－グレートキリシマ－ユイノジカンカセギ｜カシノヴィタ－グレートキリシマ－ユイノジカンカセギ｜カシノヴィタ－ヘキレキ－リエーヴェ｜カシノヴィタ－ヘキレキ－カシノカゲマル,7-8-10,0,0,600,-600,0.0
2026-07-05,小倉02R,202610020402,小倉,三連単,C,ヘキレキ－カシノヴィタ－グレートキリシマ,10-7-8,0,0,100,-100,0.0
2026-07-05,小倉03R,202610020403,小倉,本命,C,カトマンズゴールド,1着:5,0,0,100,-100,0.0
2026-07-05,小倉03R,202610020403,小倉,ワイド,C,カトマンズゴールド－メイショウコハル｜カトマンズゴールド－ティタノマキア｜メイショウコハル－ティタノマキア,5-12 / 5-6 / 6-12,0,0,300,-300,0.0
2026-07-05,小倉03R,202610020403,小倉,馬連,C,カトマンズゴールド－メイショウコハル｜メイショウコハル－サンタカタリナ,5-12,0,0,200,-200,0.0
2026-07-05,小倉03R,202610020403,小倉,三連複,C,カトマンズゴールド－メイショウコハル－ティタノマキア｜カトマンズゴールド－メイショウコハル－サンタカタリナ｜カトマンズゴールド－メイショウコハル－ウィスカーパッド｜メイショウコハル－ティタノマキア－サンタカタリナ｜カトマンズゴールド－ティタノマキア－サンタカタリナ｜カトマンズゴールド－ティタノマキア－ウィスカーパッド,5-6-12,0,0,600,-600,0.0
2026-07-05,小倉03R,202610020403,小倉,三連単,C,カトマンズゴールド－サンタカタリナ－メイショウコハル,5-12-6,0,0,100,-100,0.0
2026-07-05,小倉04R,202610020404,小倉,本命,C,メイワキラリ,1着:6,0,0,100,-100,0.0
2026-07-05,小倉04R,202610020404,小倉,ワイド,C,メイワキラリ－ファイアプレイス｜メイワキラリ－ショウナンタマユラ｜メイワキラリ－リトセア,5-6 / 4-6 / 4-5,1,1220,300,920,406.7
2026-07-05,小倉04R,202610020404,小倉,馬連,C,メイワキラリ－ファイアプレイス｜メイワキラリ－ショウナンタマユラ,5-6,0,0,200,-200,0.0
2026-07-05,小倉04R,202610020404,小倉,三連複,C,メイワキラリ－ファイアプレイス－ショウナンタマユラ｜メイワキラリ－ファイアプレイス－リトセア｜メイワキラリ－ファイアプレイス－タマモビスケット｜メイワキラリ－ファイアプレイス－モズタイシソウシ｜メイワキラリ－ショウナンタマユラ－リトセア｜メイワキラリ－ショウナンタマユラ－タマモビスケット,4-5-6,0,0,600,-600,0.0
2026-07-05,小倉04R,202610020404,小倉,三連単,C,メイワキラリ－ファイアプレイス－ショウナンタマユラ,6-5-4,0,0,100,-100,0.0
2026-07-05,小倉07R,202610020407,小倉,本命,C,ケイアイブラック,1着:1,0,0,100,-100,0.0
2026-07-05,小倉07R,202610020407,小倉,ワイド,C,ケイアイブラック－パトローナス｜ケイアイブラック－ナムラオットー｜パトローナス－ナムラオットー,1-13 / 1-7 / 7-13,0,0,300,-300,0.0
2026-07-05,小倉07R,202610020407,小倉,馬連,C,ケイアイブラック－パトローナス｜ケイアイブラック－ナムラオットー,1-13,0,0,200,-200,0.0
2026-07-05,小倉07R,202610020407,小倉,三連複,C,ケイアイブラック－パトローナス－ナムラオットー｜ケイアイブラック－パトローナス－ベルフィーノ｜ケイアイブラック－パトローナス－タワーオブバベル｜ケイアイブラック－ナムラオットー－ベルフィーノ｜ケイアイブラック－ナムラオットー－タワーオブバベル,1-7-13,0,0,500,-500,0.0
2026-07-05,小倉07R,202610020407,小倉,三連単,C,ケイアイブラック－ナムラオットー－ルルハート,1-13-7,0,0,100,-100,0.0
2026-07-05,小倉08R,202610020408,小倉,本命,A,オモイヲノセテ,1着:3,0,0,100,-100,0.0
2026-07-05,小倉08R,202610020408,小倉,ワイド,A,オモイヲノセテ－シンドリームシン｜オモイヲノセテ－ワンダフルボンド｜オモイヲノセテ－ヨカオウ,3-9 / 3-5 / 5-9,0,0,300,-300,0.0
2026-07-05,小倉08R,202610020408,小倉,馬連,A,オモイヲノセテ－シンドリームシン｜オモイヲノセテ－ワンダフルボンド,3-9,0,0,200,-200,0.0
2026-07-05,小倉08R,202610020408,小倉,三連複,A,オモイヲノセテ－シンドリームシン－ワンダフルボンド｜オモイヲノセテ－シンドリームシン－ヨカオウ｜オモイヲノセテ－シンドリームシン－ビヨンドザドリーム｜オモイヲノセテ－ワンダフルボンド－ヨカオウ｜オモイヲノセテ－シンドリームシン－レイデラティエラ｜オモイヲノセテ－ワンダフルボンド－ビヨンドザドリーム,3-5-9,0,0,600,-600,0.0
2026-07-05,小倉08R,202610020408,小倉,三連単,A,オモイヲノセテ－ビヨンドザドリーム－シンドリームシン,3-9-5,0,0,100,-100,0.0
2026-07-05,小倉09R,202610020409,小倉,本命,A,ムスクレスト,1着:5,0,0,100,-100,0.0
2026-07-05,小倉09R,202610020409,小倉,ワイド,A,ムスクレスト－ダークマルス｜ムスクレスト－ウィテカービート｜ダークマルス－ウィテカービート,2-5 / 5-6 / 2-6,1,180,300,-120,60.0
2026-07-05,小倉09R,202610020409,小倉,馬連,A,ムスクレスト－ダークマルス｜ムスクレスト－ウィテカービート,2-5,0,0,200,-200,0.0
2026-07-05,小倉09R,202610020409,小倉,三連複,A,ムスクレスト－ダークマルス－ウィテカービート｜ムスクレスト－ダークマルス－アクロフェイズ,2-5-6,1,250,200,50,125.0
2026-07-05,小倉09R,202610020409,小倉,三連単,A,ムスクレスト－ウィテカービート－ダークマルス,5-2-6,0,0,100,-100,0.0
2026-07-05,小倉10R,202610020410,小倉,本命,C,フィドルファドル,1着:9,0,0,100,-100,0.0
2026-07-05,小倉10R,202610020410,小倉,ワイド,C,フィドルファドル－プウスカンドゥール｜フィドルファドル－ユウェンタース｜フィドルファドル－マジックローズ,9-14 / 9-13 / 13-14,0,0,300,-300,0.0
2026-07-05,小倉10R,202610020410,小倉,馬連,C,フィドルファドル－プウスカンドゥール｜プウスカンドゥール－ユウェンタース,9-14,0,0,200,-200,0.0
2026-07-05,小倉10R,202610020410,小倉,三連複,C,フィドルファドル－プウスカンドゥール－ユウェンタース｜フィドルファドル－プウスカンドゥール－マジックローズ｜フィドルファドル－マジックローズ－ユウェンタース｜フィドルファドル－プウスカンドゥール－カロローザ｜フィドルファドル－プウスカンドゥール－メイショウリリー｜プウスカンドゥール－マジックローズ－ユウェンタース,9-13-14,0,0,600,-600,0.0
2026-07-05,小倉10R,202610020410,小倉,三連単,C,フィドルファドル－プウスカンドゥール－シュヴァルツリーベ,9-14-13,0,0,100,-100,0.0
2026-07-05,小倉11R,202610020411,小倉,本命,C,サウンドモリアーナ,1着:12,0,0,100,-100,0.0
2026-07-05,小倉11R,202610020411,小倉,ワイド,C,サウンドモリアーナ－デアヴェローチェ｜サウンドモリアーナ－ランフォーヴァウ｜デアヴェローチェ－ランフォーヴァウ,2-12 / 9-12 / 2-9,0,0,300,-300,0.0
2026-07-05,小倉11R,202610020411,小倉,馬連,C,サウンドモリアーナ－ランフォーヴァウ｜サウンドモリアーナ－デアヴェローチェ,2-12,0,0,200,-200,0.0
2026-07-05,小倉11R,202610020411,小倉,三連複,C,サウンドモリアーナ－デアヴェローチェ－ランフォーヴァウ｜サウンドモリアーナ－デアヴェローチェ－アンクルクロス｜サウンドモリアーナ－デアヴェローチェ－ジェニファー｜サウンドモリアーナ－デアヴェローチェ－フリッカージャブ｜サウンドモリアーナ－ランフォーヴァウ－ジェニファー｜サウンドモリアーナ－ランフォーヴァウ－アンクルクロス,2-9-12,0,0,600,-600,0.0
2026-07-05,小倉11R,202610020411,小倉,三連単,C,サウンドモリアーナ－ランフォーヴァウ－デアヴェローチェ,12-2-9,0,0,100,-100,0.0
2026-07-05,小倉11R,202610020411,小倉,本命,C,サウンドモリアーナ,1着:12,0,0,100,-100,0.0
2026-07-05,小倉11R,202610020411,小倉,ワイド,C,サウンドモリアーナ－デアヴェローチェ｜サウンドモリアーナ－ランフォーヴァウ｜デアヴェローチェ－ランフォーヴァウ,2-12 / 9-12 / 2-9,0,0,300,-300,0.0
2026-07-05,小倉11R,202610020411,小倉,馬連,C,サウンドモリアーナ－デアヴェローチェ｜サウンドモリアーナ－ランフォーヴァウ,2-12,0,0,200,-200,0.0
2026-07-05,小倉11R,202610020411,小倉,三連複,C,サウンドモリアーナ－デアヴェローチェ－ランフォーヴァウ｜サウンドモリアーナ－デアヴェローチェ－アンクルクロス｜サウンドモリアーナ－デアヴェローチェ－ジェニファー｜サウンドモリアーナ－デアヴェローチェ－フリッカージャブ｜サウンドモリアーナ－ランフォーヴァウ－アンクルクロス｜サウンドモリアーナ－ランフォーヴァウ－ジェニファー,2-9-12,0,0,600,-600,0.0
2026-07-05,小倉11R,202610020411,小倉,三連単,C,サウンドモリアーナ－ランフォーヴァウ－デアヴェローチェ,12-2-9,0,0,100,-100,0.0
2026-07-05,小倉12R,202610020412,小倉,本命,B,システマソラー,1着:10,1,170,100,70,170.0
2026-07-05,小倉12R,202610020412,小倉,ワイド,B,システマソラー－ビズロード｜システマソラー－タイセイジェイド｜システマソラー－ルペイドゥロール,2-10 / 10-15 / 2-15,0,0,300,-300,0.0
2026-07-05,小倉12R,202610020412,小倉,馬連,B,システマソラー－ビズロード｜システマソラー－タイセイジェイド,2-10,0,0,200,-200,0.0
2026-07-05,小倉12R,202610020412,小倉,三連複,B,システマソラー－ビズロード－タイセイジェイド｜システマソラー－ビズロード－ルペイドゥロール｜システマソラー－タイセイジェイド－ルペイドゥロール｜システマソラー－ビズロード－リヒトミューレ｜システマソラー－ビズロード－ブラックドレス｜システマソラー－タイセイジェイド－リヒトミューレ,2-10-15,0,0,600,-600,0.0
2026-07-05,小倉12R,202610020412,小倉,三連単,B,システマソラー－ビズロード－ブラックドレス,10-2-15,0,0,100,-100,0.0
2026-07-05,福島01R,202603020401,福島,本命,B,ドナソラーレ,1着:10,0,0,100,-100,0.0
2026-07-05,福島01R,202603020401,福島,ワイド,B,ドナソラーレ－バーヴァンシー｜ドナソラーレ－デルマザオウ｜ドナソラーレ－オウケンハニー,10-11 / 5-10 / 5-11,0,0,300,-300,0.0
2026-07-05,福島01R,202603020401,福島,馬連,B,ドナソラーレ－バーヴァンシー｜ドナソラーレ－デルマザオウ,10-11,0,0,200,-200,0.0
2026-07-05,福島01R,202603020401,福島,三連複,B,ドナソラーレ－バーヴァンシー－デルマザオウ｜ドナソラーレ－バーヴァンシー－オウケンハニー｜ドナソラーレ－デルマザオウ－オウケンハニー｜ドナソラーレ－バーヴァンシー－ペールデュクラン｜ドナソラーレ－デルマザオウ－ペールデュクラン｜ドナソラーレ－バーヴァンシー－バイアブランカ,5-10-11,0,0,600,-600,0.0
2026-07-05,福島01R,202603020401,福島,三連単,B,ドナソラーレ－デルマザオウ－オウケンハニー,10-11-5,0,0,100,-100,0.0
2026-07-05,福島02R,202603020402,福島,本命,B,ブロークンハート,1着:8,0,0,100,-100,0.0
2026-07-05,福島02R,202603020402,福島,ワイド,B,ブロークンハート－ゴールドパレード｜ブロークンハート－シルバーアックス｜ブロークンハート－セイウンプーパ,2-8 / 8-11 / 2-11,0,0,300,-300,0.0
2026-07-05,福島02R,202603020402,福島,馬連,B,ブロークンハート－ゴールドパレード｜ブロークンハート－シルバーアックス,2-8,0,0,200,-200,0.0
2026-07-05,福島02R,202603020402,福島,三連複,B,ブロークンハート－ゴールドパレード－シルバーアックス｜ブロークンハート－ゴールドパレード－セイウンプーパ｜ブロークンハート－シルバーアックス－セイウンプーパ｜ブロークンハート－ゴールドパレード－ハルカオル｜ブロークンハート－シルバーアックス－ハルカオル｜ブロークンハート－ゴールドパレード－ドリーマーズ,2-8-11,0,0,600,-600,0.0
2026-07-05,福島02R,202603020402,福島,三連単,B,ブロークンハート－ゴールドパレード－セイウンプーパ,8-2-11,0,0,100,-100,0.0
2026-07-05,福島03R,202603020403,福島,本命,B,マーゴットドライ,1着:5,1,430,100,330,430.0
2026-07-05,福島03R,202603020403,福島,ワイド,B,マーゴットドライ－ヘルヴィッツ｜マーゴットドライ－ヤマメホープ｜マーゴットドライ－ワインダークシー,5-14 / 3-5 / 3-14,1,310,300,10,103.3
2026-07-05,福島03R,202603020403,福島,馬連,B,マーゴットドライ－ヘルヴィッツ｜マーゴットドライ－ヤマメホープ,5-14,1,720,200,520,360.0
2026-07-05,福島03R,202603020403,福島,三連複,B,マーゴットドライ－ヘルヴィッツ－ヤマメホープ｜マーゴットドライ－ヘルヴィッツ－ワインダークシー｜マーゴットドライ－ヤマメホープ－ワインダークシー｜マーゴットドライ－ヘルヴィッツ－ソロンゴ｜マーゴットドライ－ヤマメホープ－ソロンゴ｜マーゴットドライ－ワインダークシー－ソロンゴ,3-5-14,0,0,600,-600,0.0
2026-07-05,福島03R,202603020403,福島,三連単,B,マーゴットドライ－ヘルヴィッツ－ソロンゴ,5-14-3,0,0,100,-100,0.0
2026-07-05,福島04R,202603020404,福島,本命,C,エリースノー,1着:10,0,0,100,-100,0.0
2026-07-05,福島04R,202603020404,福島,ワイド,C,エリースノー－フェイスリフト｜エリースノー－ハクサンミレイ｜フェイスリフト－ハクサンミレイ,8-10 / 10-15 / 8-15,0,0,300,-300,0.0
2026-07-05,福島04R,202603020404,福島,馬連,C,エリースノー－フェイスリフト｜エリースノー－ハクサンミレイ,8-10,0,0,200,-200,0.0
2026-07-05,福島04R,202603020404,福島,三連複,C,エリースノー－フェイスリフト－ハクサンミレイ｜エリースノー－フェイスリフト－スピニンググローブ｜エリースノー－フェイスリフト－コウソクルリアン｜エリースノー－ハクサンミレイ－スピニンググローブ｜エリースノー－ハクサンミレイ－コウソクルリアン｜フェイスリフト－ハクサンミレイ－スピニンググローブ,8-10-15,0,0,600,-600,0.0
2026-07-05,福島04R,202603020404,福島,三連単,C,エリースノー－ハクサンミレイ－スピニンググローブ,10-8-15,0,0,100,-100,0.0
2026-07-05,福島07R,202603020407,福島,本命,C,ブルーサーマル,1着:6,0,0,100,-100,0.0
2026-07-05,福島07R,202603020407,福島,ワイド,C,ブルーサーマル－デルマアポロニア｜ブルーサーマル－アスコットヴェール｜ブルーサーマル－ランスノーブル,6-12 / 3-6 / 3-12,0,0,300,-300,0.0
2026-07-05,福島07R,202603020407,福島,馬連,C,ブルーサーマル－デルマアポロニア｜ブルーサーマル－アスコットヴェール,6-12,0,0,200,-200,0.0
2026-07-05,福島07R,202603020407,福島,三連複,C,ブルーサーマル－デルマアポロニア－アスコットヴェール｜ブルーサーマル－デルマアポロニア－ランスノーブル｜ブルーサーマル－デルマアポロニア－リポジノ｜ブルーサーマル－アスコットヴェール－ランスノーブル｜ブルーサーマル－アスコットヴェール－リポジノ｜ブルーサーマル－デルマアポロニア－ヴンダーバール,3-6-12,0,0,600,-600,0.0
2026-07-05,福島07R,202603020407,福島,三連単,C,ブルーサーマル－アスコットヴェール－デルマアポロニア,6-12-3,0,0,100,-100,0.0
2026-07-05,福島08R,202603020408,福島,本命,B,カリーン,1着:6,0,0,100,-100,0.0
2026-07-05,福島08R,202603020408,福島,ワイド,B,カリーン－サンシップ｜カリーン－ミエノストロング｜カリーン－サンブライト,4-6 / 1-6 / 1-4,0,0,300,-300,0.0
2026-07-05,福島08R,202603020408,福島,馬連,B,カリーン－サンシップ｜カリーン－サンブライト,4-6,0,0,200,-200,0.0
2026-07-05,福島08R,202603020408,福島,三連複,B,カリーン－サンシップ－ミエノストロング｜カリーン－サンシップ－サンブライト｜カリーン－サンシップ－ジャグアール｜カリーン－ミエノストロング－サンブライト｜カリーン－サンシップ－オックスアイ｜カリーン－サンシップ－ウインイルネージュ,1-4-6,0,0,600,-600,0.0
2026-07-05,福島08R,202603020408,福島,三連単,B,カリーン－サンブライト－ジャグアール,6-4-1,0,0,100,-100,0.0
2026-07-05,福島09R,202603020409,福島,本命,C,カーヌスティ,1着:13,1,690,100,590,690.0
2026-07-05,福島09R,202603020409,福島,ワイド,C,カーヌスティ－フェルミアーク｜カーヌスティ－マキシマムドライブ｜カーヌスティ－ジョウゲンノツキ,11-13 / 9-13 / 9-11,1,650,300,350,216.7
2026-07-05,福島09R,202603020409,福島,馬連,C,カーヌスティ－フェルミアーク｜カーヌスティ－マキシマムドライブ,11-13,0,0,200,-200,0.0
2026-07-05,福島09R,202603020409,福島,三連複,C,カーヌスティ－フェルミアーク－マキシマムドライブ｜カーヌスティ－フェルミアーク－ジョウゲンノツキ｜カーヌスティ－フェルミアーク－ラパンチュール｜カーヌスティ－マキシマムドライブ－ラパンチュール｜カーヌスティ－マキシマムドライブ－ジョウゲンノツキ｜カーヌスティ－フェルミアーク－イゾラフェリーチェ,9-11-13,1,3510,600,2910,585.0
2026-07-05,福島09R,202603020409,福島,三連単,C,カーヌスティ－ジョウゲンノツキ－イゾラフェリーチェ,13-11-9,0,0,100,-100,0.0
2026-07-05,福島10R,202603020410,福島,本命,B,ベストミーエヴァー,1着:5,1,130,100,30,130.0
2026-07-05,福島10R,202603020410,福島,ワイド,B,ベストミーエヴァー－ワザモノ｜ベストミーエヴァー－バセリーナ｜ベストミーエヴァー－シャイニースイフト,1-5 / 4-5 / 1-4,1,310,300,10,103.3
2026-07-05,福島10R,202603020410,福島,馬連,B,ベストミーエヴァー－ワザモノ｜ベストミーエヴァー－バセリーナ,1-5,1,700,200,500,350.0
2026-07-05,福島10R,202603020410,福島,三連複,B,ベストミーエヴァー－ワザモノ－バセリーナ｜ベストミーエヴァー－ワザモノ－シャイニースイフト｜ベストミーエヴァー－ワザモノ－グランカンタンテ｜ベストミーエヴァー－ワザモノ－マイネルフォルツァ｜ベストミーエヴァー－バセリーナ－シャイニースイフト｜ベストミーエヴァー－ワザモノ－ロゼル,1-4-5,0,0,600,-600,0.0
2026-07-05,福島10R,202603020410,福島,三連単,B,ベストミーエヴァー－ワザモノ－バセリーナ,5-1-4,0,0,100,-100,0.0
2026-07-05,福島11R,202603020411,福島,本命,C,メリークリスマス,1着:7,0,0,100,-100,0.0
2026-07-05,福島11R,202603020411,福島,ワイド,C,メリークリスマス－カンピオーネ｜メリークリスマス－ミッキーヌチバナ｜メリークリスマス－ポッドロゴ,7-8 / 1-7 / 1-8,1,760,300,460,253.3
2026-07-05,福島11R,202603020411,福島,馬連,C,メリークリスマス－カンピオーネ｜メリークリスマス－ミッキーヌチバナ,7-8,0,0,200,-200,0.0
2026-07-05,福島11R,202603020411,福島,三連複,C,メリークリスマス－カンピオーネ－ミッキーヌチバナ｜メリークリスマス－カンピオーネ－ポッドロゴ｜メリークリスマス－カンピオーネ－ロジアデレード｜メリークリスマス－カンピオーネ－ベルウェザー｜メリークリスマス－カンピオーネ－ニシキギミッチー｜メリークリスマス－ミッキーヌチバナ－ポッドロゴ,1-7-8,0,0,600,-600,0.0
2026-07-05,福島11R,202603020411,福島,三連単,C,メリークリスマス－ミッキーヌチバナ－ポッドロゴ,7-8-1,0,0,100,-100,0.0
2026-07-05,福島12R,202603020412,福島,本命,C,ヨドノティアラ,1着:8,0,0,100,-100,0.0
2026-07-05,福島12R,202603020412,福島,ワイド,C,ヨドノティアラ－カンレイスター｜ヨドノティアラ－ピコレッド｜ヨドノティアラ－スカイダイバー,5-8 / 8-13 / 5-13,0,0,300,-300,0.0
2026-07-05,福島12R,202603020412,福島,馬連,C,ヨドノティアラ－カンレイスター｜ヨドノティアラ－スカイダイバー,5-8,0,0,200,-200,0.0
2026-07-05,福島12R,202603020412,福島,三連複,C,ヨドノティアラ－カンレイスター－ピコレッド｜ヨドノティアラ－カンレイスター－スカイダイバー｜ヨドノティアラ－カンレイスター－プレザントトーン｜ヨドノティアラ－ピコレッド－プレザントトーン｜ヨドノティアラ－ピコレッド－スカイダイバー｜ヨドノティアラ－プレザントトーン－スカイダイバー,5-8-13,0,0,600,-600,0.0
2026-07-05,福島12R,202603020412,福島,三連単,C,ヨドノティアラ－スカイダイバー－リバージュエル,8-5-13,0,0,100,-100,0.0
2026-07-11,函館01R,202602010901,函館,本命,C,ワイドウィンザー,1着:1,0,0,100,-100,0.0
2026-07-11,函館01R,202602010901,函館,ワイド,C,ワイドウィンザー－ウメヒナタ｜ワイドウィンザー－クラウスーラ｜ワイドウィンザー－ベイビーブラザー,1-5 / 1-10 / 5-10,1,230,300,-70,76.7
2026-07-11,函館01R,202602010901,函館,馬連,C,ワイドウィンザー－ウメヒナタ｜ワイドウィンザー－クラウスーラ,1-5,0,0,200,-200,0.0
2026-07-11,函館01R,202602010901,函館,三連複,C,ワイドウィンザー－ウメヒナタ－クラウスーラ｜ワイドウィンザー－ウメヒナタ－ラピッドテソーロ｜ワイドウィンザー－ウメヒナタ－ベイビーブラザー｜ワイドウィンザー－ウメヒナタ－ロゼハイスクール｜ワイドウィンザー－クラウスーラ－ベイビーブラザー｜ワイドウィンザー－クラウスーラ－ラピッドテソーロ,1-5-10,1,480,600,-120,80.0
2026-07-11,函館01R,202602010901,函館,三連単,C,ワイドウィンザー－ベイビーブラザー－ウメヒナタ,1-5-10,0,0,100,-100,0.0
2026-07-11,函館02R,202602010902,函館,本命,C,サラサチャチャチャ,1着:7,1,600,100,500,600.0
2026-07-11,函館02R,202602010902,函館,ワイド,C,サラサチャチャチャ－フレンチブラッサム｜サラサチャチャチャ－シルフ｜サラサチャチャチャ－ワンダーアスク,3-7 / 4-7 / 3-4,1,1200,300,900,400.0
2026-07-11,函館02R,202602010902,函館,馬連,C,サラサチャチャチャ－フレンチブラッサム｜サラサチャチャチャ－シルフ,3-7,0,0,200,-200,0.0
2026-07-11,函館02R,202602010902,函館,三連複,C,サラサチャチャチャ－フレンチブラッサム－ワンダーアスク｜サラサチャチャチャ－フレンチブラッサム－シルフ｜サラサチャチャチャ－フレンチブラッサム－ウォータースパウト｜サラサチャチャチャ－シルフ－ワンダーアスク｜サラサチャチャチャ－シルフ－ウォータースパウト｜フレンチブラッサム－シルフ－ワンダーアスク,3-4-7,0,0,600,-600,0.0
2026-07-11,函館02R,202602010902,函館,三連単,C,サラサチャチャチャ－シルフ－ワンダーアスク,7-3-4,0,0,100,-100,0.0
2026-07-11,函館03R,202602010903,函館,本命,C,ルージュフローラ,1着:6,0,0,100,-100,0.0
2026-07-11,函館03R,202602010903,函館,ワイド,C,ルージュフローラ－アルサック｜ルージュフローラ－スノーガーネット｜ルージュフローラ－テンユウ,5-6 / 4-6 / 4-5,0,0,300,-300,0.0
2026-07-11,函館03R,202602010903,函館,馬連,C,ルージュフローラ－アルサック｜ルージュフローラ－スノーガーネット,5-6,0,0,200,-200,0.0
2026-07-11,函館03R,202602010903,函館,三連複,C,ルージュフローラ－アルサック－スノーガーネット｜ルージュフローラ－アルサック－テンユウ｜ルージュフローラ－アルサック－ハッピーローヴァー｜ルージュフローラ－アルサック－ユナダイヤ｜ルージュフローラ－アルサック－クリオロゴールド｜ルージュフローラ－アルサック－ブルーハーツ,4-5-6,0,0,600,-600,0.0
2026-07-11,函館03R,202602010903,函館,三連単,C,ルージュフローラ－スノーガーネット－ユナダイヤ,6-5-4,0,0,100,-100,0.0
2026-07-11,函館04R,202602010904,函館,本命,S,ケナゲ,1着:14,0,0,100,-100,0.0
2026-07-11,函館04R,202602010904,函館,ワイド,S,ケナゲ－アーデルブリックス｜ケナゲ－ウインアプローチ｜ケナゲ－マンサニージャ,4-14 / 2-14 / 2-4,0,0,300,-300,0.0
2026-07-11,函館04R,202602010904,函館,馬連,S,ケナゲ－アーデルブリックス｜ケナゲ－ウインアプローチ,4-14,0,0,200,-200,0.0
2026-07-11,函館04R,202602010904,函館,三連複,S,ケナゲ－アーデルブリックス－ウインアプローチ｜ケナゲ－アーデルブリックス－マンサニージャ｜ケナゲ－アーデルブリックス－エグジスタンス｜ケナゲ－ウインアプローチ－マンサニージャ｜ケナゲ－アーデルブリックス－ヘクセンハウス,2-4-14,0,0,500,-500,0.0
2026-07-11,函館04R,202602010904,函館,三連単,S,ケナゲ－アーデルブリックス－エグジスタンス,14-4-2,0,0,100,-100,0.0
2026-07-11,函館06R,202602010906,函館,本命,C,モロノカガヤキ,1着:9,0,0,100,-100,0.0
2026-07-11,函館06R,202602010906,函館,ワイド,C,モロノカガヤキ－ゲレイロ｜モロノカガヤキ－チリンドリ｜モロノカガヤキ－ゴールデンダガー,4-9 / 3-9 / 3-4,0,0,300,-300,0.0
2026-07-11,函館06R,202602010906,函館,馬連,C,モロノカガヤキ－チリンドリ｜モロノカガヤキ－ゲレイロ,4-9,0,0,200,-200,0.0
2026-07-11,函館06R,202602010906,函館,三連複,C,モロノカガヤキ－ゲレイロ－チリンドリ｜モロノカガヤキ－ゲレイロ－ゴールデンダガー｜モロノカガヤキ－チリンドリ－ゴールデンダガー｜モロノカガヤキ－ゲレイロ－ミスチヴマリアンヌ｜モロノカガヤキ－チリンドリ－ミスチヴマリアンヌ｜モロノカガヤキ－ゴールデンダガー－ミスチヴマリアンヌ,3-4-9,0,0,600,-600,0.0
2026-07-11,函館06R,202602010906,函館,三連単,C,モロノカガヤキ－ゲレイロ－ミスチヴマリアンヌ,9-4-3,0,0,100,-100,0.0
2026-07-11,函館07R,202602010907,函館,本命,S,ターンザテーブルス,1着:4,0,0,100,-100,0.0
2026-07-11,函館07R,202602010907,函館,ワイド,S,ターンザテーブルス－クシマトゥルー｜ターンザテーブルス－アイドクレース｜ターンザテーブルス－ベアサナエチャン,4-6 / 1-4 / 1-6,0,0,300,-300,0.0
2026-07-11,函館07R,202602010907,函館,馬連,S,ターンザテーブルス－クシマトゥルー｜ターンザテーブルス－アイドクレース,4-6,0,0,200,-200,0.0
2026-07-11,函館07R,202602010907,函館,三連複,S,ターンザテーブルス－クシマトゥルー－アイドクレース｜ターンザテーブルス－クシマトゥルー－ベアサナエチャン｜ターンザテーブルス－アイドクレース－ベアサナエチャン｜クシマトゥルー－アイドクレース－ベアサナエチャン,1-4-6,0,0,400,-400,0.0
2026-07-11,函館07R,202602010907,函館,三連単,S,ターンザテーブルス－クシマトゥルー－アイドクレース,4-6-1,0,0,100,-100,0.0
2026-07-11,函館08R,202602010908,函館,本命,C,アイファーシャドー,1着:8,1,1000,100,900,1000.0
2026-07-11,函館08R,202602010908,函館,ワイド,C,アイファーシャドー－ブリスフル｜ブリスフル－ナムラハリス｜アイファーシャドー－ナムラハリス,1-8 / 4-8 / 1-4,0,0,300,-300,0.0
2026-07-11,函館08R,202602010908,函館,馬連,C,アイファーシャドー－ブリスフル｜アイファーシャドー－ナムラハリス,1-8,0,0,200,-200,0.0
2026-07-11,函館08R,202602010908,函館,三連複,C,アイファーシャドー－ブリスフル－ナムラハリス｜アイファーシャドー－ブリスフル－テイクオンミー｜アイファーシャドー－ブリスフル－ベイビールビオ｜アイファーシャドー－ナムラハリス－テイクオンミー｜ブリスフル－ナムラハリス－ベイビールビオ｜ブリスフル－ナムラハリス－テイクオンミー,1-4-8,0,0,600,-600,0.0
2026-07-11,函館08R,202602010908,函館,三連単,C,アイファーシャドー－ブリスフル－ベイビールビオ,8-1-4,0,0,100,-100,0.0
2026-07-11,函館09R,202602010909,函館,本命,C,エトワールブーケ,1着:4,0,0,100,-100,0.0
2026-07-11,函館09R,202602010909,函館,ワイド,C,エトワールブーケ－デルシエロ｜エトワールブーケ－ドルチェリターン｜エトワールブーケ－クリスレジーナ,4-8 / 4-9 / 8-9,1,1430,300,1130,476.7
2026-07-11,函館09R,202602010909,函館,馬連,C,エトワールブーケ－クリスレジーナ｜エトワールブーケ－デルシエロ,4-8,0,0,200,-200,0.0
2026-07-11,函館09R,202602010909,函館,三連複,C,エトワールブーケ－ドルチェリターン－デルシエロ｜エトワールブーケ－ドルチェリターン－クリスレジーナ｜エトワールブーケ－デルシエロ－クリスレジーナ｜エトワールブーケ－デルシエロ－モルビド｜エトワールブーケ－ドルチェリターン－モルビド｜エトワールブーケ－クリスレジーナ－モルビド,4-8-9,0,0,600,-600,0.0
2026-07-11,函館09R,202602010909,函館,三連単,C,エトワールブーケ－デルシエロ－モルビド,4-8-9,0,0,100,-100,0.0
2026-07-11,函館10R,202602010910,函館,本命,A,キーガッツ,1着:7,0,0,100,-100,0.0
2026-07-11,函館10R,202602010910,函館,ワイド,A,キーガッツ－ヴィヴァクラウン｜キーガッツ－ジーベック｜キーガッツ－アスクケンタッキー,2-7 / 6-7 / 2-6,0,0,300,-300,0.0
2026-07-11,函館10R,202602010910,函館,馬連,A,キーガッツ－ヴィヴァクラウン｜キーガッツ－ジーベック,2-7,0,0,200,-200,0.0
2026-07-11,函館10R,202602010910,函館,三連複,A,キーガッツ－ヴィヴァクラウン－ジーベック｜キーガッツ－ヴィヴァクラウン－アスクケンタッキー｜キーガッツ－ジーベック－アスクケンタッキー｜キーガッツ－ヴィヴァクラウン－ピコアーガイル｜キーガッツ－ジーベック－ピコアーガイル｜キーガッツ－ヴィヴァクラウン－レイユール,2-6-7,0,0,600,-600,0.0
2026-07-11,函館10R,202602010910,函館,三連単,A,キーガッツ－ジーベック－ヴィヴァクラウン,7-2-6,0,0,100,-100,0.0
2026-07-11,函館11R,202602010911,函館,本命,A,ダンツファイター,1着:1,0,0,100,-100,0.0
2026-07-11,函館11R,202602010911,函館,ワイド,A,ダンツファイター－インパクトシー,1-3 / 1-2 / 2-3,0,0,100,-100,0.0
2026-07-11,函館11R,202602010911,函館,馬連,A,ダンツファイター－インパクトシー,1-3,0,0,100,-100,0.0
2026-07-11,函館11R,202602010911,函館,三連複,A,ダンツファイター－インパクトシー－カテリーナ｜ダンツファイター－インパクトシー－ウイントレメンデス｜ダンツファイター－インパクトシー－アイスグリーン｜ダンツファイター－インパクトシー－ウィープディライト｜ダンツファイター－インパクトシー－インヴォーグ｜ダンツファイター－インパクトシー－ソリダリティ,1-2-3,0,0,600,-600,0.0
2026-07-11,函館11R,202602010911,函館,三連単,A,ダンツファイター－インパクトシー－ウイントレメンデス,1-3-2,0,0,100,-100,0.0
2026-07-11,函館12R,202602010912,函館,本命,C,ビップムーラン,1着:1,1,150,100,50,150.0
2026-07-11,函館12R,202602010912,函館,ワイド,C,ビップムーラン－タイセイブルーム｜ビップムーラン－スパークルジョイ｜タイセイブルーム－スパークルジョイ,1-4 / 1-8 / 4-8,0,0,300,-300,0.0
2026-07-11,函館12R,202602010912,函館,馬連,C,ビップムーラン－タイセイブルーム｜ビップムーラン－スパークルジョイ,1-4,0,0,200,-200,0.0
2026-07-11,函館12R,202602010912,函館,三連複,C,ビップムーラン－タイセイブルーム－スパークルジョイ｜ビップムーラン－タイセイブルーム－ワイドデコラシオン｜ビップムーラン－スパークルジョイ－ワイドデコラシオン｜ビップムーラン－タイセイブルーム－テーオーナタリー｜ビップムーラン－タイセイブルーム－ジュウオウ｜タイセイブルーム－スパークルジョイ－ワイドデコラシオン,1-4-8,0,0,600,-600,0.0
2026-07-11,函館12R,202602010912,函館,三連単,C,ビップムーラン－スパークルジョイ－タイセイブルーム,1-4-8,0,0,100,-100,0.0
2026-07-11,小倉01R,202610020501,小倉,本命,C,カレンハウ,1着:10,1,180,100,80,180.0
2026-07-11,小倉01R,202610020501,小倉,ワイド,C,マルモリマイベスト－カレンハウ｜マルモリマイベスト－ミエルモーサ｜カレンハウ－キムケンシーサー,10-12 / 2-10 / 2-12,0,0,300,-300,0.0
2026-07-11,小倉01R,202610020501,小倉,馬連,C,マルモリマイベスト－カレンハウ｜マルモリマイベスト－キムケンシーサー,10-12,0,0,200,-200,0.0
2026-07-11,小倉01R,202610020501,小倉,三連複,C,マルモリマイベスト－カレンハウ－ミエルモーサ｜マルモリマイベスト－カレンハウ－キムケンシーサー｜マルモリマイベスト－カレンハウ－ラホーヤアイズ｜マルモリマイベスト－カレンハウ－ユイリノベーション｜カレンハウ－キムケンシーサー－ミエルモーサ｜マルモリマイベスト－キムケンシーサー－ミエルモーサ,2-10-12,0,0,600,-600,0.0
2026-07-11,小倉01R,202610020501,小倉,三連単,C,カレンハウ－マルモリマイベスト－ユイリノベーション,10-12-2,0,0,100,-100,0.0
2026-07-11,小倉02R,202610020502,小倉,本命,A,ルパピヨンブラン,1着:8,0,0,100,-100,0.0
2026-07-11,小倉02R,202610020502,小倉,ワイド,A,ルパピヨンブラン－タガノラヴズワン｜ルパピヨンブラン－ダイメイクマモト｜タガノラヴズワン－ダイメイクマモト,8-9 / 6-8 / 6-9,0,0,300,-300,0.0
2026-07-11,小倉02R,202610020502,小倉,馬連,A,ルパピヨンブラン－タガノラヴズワン｜ルパピヨンブラン－ダイメイクマモト,8-9,0,0,200,-200,0.0
2026-07-11,小倉02R,202610020502,小倉,三連複,A,ルパピヨンブラン－タガノラヴズワン－ダイメイクマモト｜ルパピヨンブラン－タガノラヴズワン－ソルアモール｜ルパピヨンブラン－ダイメイクマモト－ソルアモール,6-8-9,0,0,300,-300,0.0
2026-07-11,小倉02R,202610020502,小倉,三連単,A,ルパピヨンブラン－タガノラヴズワン－ソルアモール,8-9-6,0,0,100,-100,0.0
2026-07-11,小倉03R,202610020503,小倉,本命,C,トラカイキャッスル,1着:10,0,0,100,-100,0.0
2026-07-11,小倉03R,202610020503,小倉,ワイド,C,トラカイキャッスル－タイセイアビオン｜トラカイキャッスル－ベルトナリテ｜タイセイアビオン－ベルトナリテ,10-14 / 7-10 / 7-14,0,0,300,-300,0.0
2026-07-11,小倉03R,202610020503,小倉,馬連,C,トラカイキャッスル－タイセイアビオン｜トラカイキャッスル－ベルトナリテ,10-14,0,0,200,-200,0.0
2026-07-11,小倉03R,202610020503,小倉,三連複,C,トラカイキャッスル－タイセイアビオン－ベルトナリテ｜トラカイキャッスル－タイセイアビオン－ワラビガミ｜トラカイキャッスル－ベルトナリテ－ワラビガミ｜タイセイアビオン－ベルトナリテ－ワラビガミ｜トラカイキャッスル－タイセイアビオン－ワンダースアン｜トラカイキャッスル－ベルトナリテ－ワンダースアン,7-10-14,0,0,600,-600,0.0
2026-07-11,小倉03R,202610020503,小倉,三連単,C,トラカイキャッスル－タイセイアビオン－ベルトナリテ,10-14-7,0,0,100,-100,0.0
2026-07-11,小倉04R,202610020504,小倉,本命,C,ゴールデンドラゴン,1着:1,0,0,100,-100,0.0
2026-07-11,小倉04R,202610020504,小倉,ワイド,C,ゴールデンドラゴン－ジョーカー｜ゴールデンドラゴン－タガノランパート｜ジョーカー－タガノランパート,1-3 / 1-2 / 2-3,0,0,300,-300,0.0
2026-07-11,小倉04R,202610020504,小倉,馬連,C,ゴールデンドラゴン－タガノランパート｜ゴールデンドラゴン－ジョーカー,1-3,0,0,200,-200,0.0
2026-07-11,小倉04R,202610020504,小倉,三連複,C,ゴールデンドラゴン－ジョーカー－タガノランパート｜ゴールデンドラゴン－ジョーカー－ワルトシュタイン｜ゴールデンドラゴン－タガノランパート－ワルトシュタイン｜ゴールデンドラゴン－ジョーカー－メイショウマグナ,1-2-3,0,0,400,-400,0.0
2026-07-11,小倉04R,202610020504,小倉,三連単,C,ゴールデンドラゴン－タガノランパート－メイショウマグナ,1-3-2,0,0,100,-100,0.0
2026-07-11,小倉06R,202610020506,小倉,本命,B,チュウワメロディー,1着:16,0,0,100,-100,0.0
2026-07-11,小倉06R,202610020506,小倉,ワイド,B,チュウワメロディー－レジーナテンペスタ｜チュウワメロディー－オースミサイファー｜チュウワメロディー－ヒャクギマル,16-17 / 1-16 / 7-16 / 1-17 / 7-17,0,0,300,-300,0.0
2026-07-11,小倉06R,202610020506,小倉,馬連,B,チュウワメロディー－レジーナテンペスタ｜チュウワメロディー－オースミサイファー,16-17,0,0,200,-200,0.0
2026-07-11,小倉06R,202610020506,小倉,三連複,B,チュウワメロディー－レジーナテンペスタ－オースミサイファー｜チュウワメロディー－レジーナテンペスタ－ヒャクギマル｜チュウワメロディー－レジーナテンペスタ－スターアスコット｜チュウワメロディー－レジーナテンペスタ－リントゥラウル｜チュウワメロディー－レジーナテンペスタ－ヒッグスボソン｜チュウワメロディー－オースミサイファー－ヒャクギマル,1-16-17,0,0,600,-600,0.0
2026-07-11,小倉06R,202610020506,小倉,三連単,B,チュウワメロディー－レジーナテンペスタ－オースミサイファー,16-17-1,0,0,100,-100,0.0
2026-07-11,小倉07R,202610020507,小倉,本命,C,エイシンビーコン,1着:6,0,0,100,-100,0.0
2026-07-11,小倉07R,202610020507,小倉,ワイド,C,エイシンビーコン－カラペルソナ｜エイシンビーコン－ウインラウダ｜カラペルソナ－ウインラウダ,5-6 / 1-6 / 1-5,0,0,300,-300,0.0
2026-07-11,小倉07R,202610020507,小倉,馬連,C,エイシンビーコン－カラペルソナ｜エイシンビーコン－ウインラウダ,5-6,0,0,200,-200,0.0
2026-07-11,小倉07R,202610020507,小倉,三連複,C,エイシンビーコン－カラペルソナ－ウインラウダ｜エイシンビーコン－カラペルソナ－カレントゥルーシー｜エイシンビーコン－カラペルソナ－ルートサーティーン｜エイシンビーコン－カラペルソナ－サントルドパリ｜エイシンビーコン－ウインラウダ－カレントゥルーシー｜エイシンビーコン－カラペルソナ－トモジャプレジール,1-5-6,0,0,600,-600,0.0
2026-07-11,小倉07R,202610020507,小倉,三連単,C,エイシンビーコン－トモジャプレジール－サントルドパリ,6-5-1,0,0,100,-100,0.0
2026-07-11,小倉08R,202610020508,小倉,本命,B,オヤツノジカン,1着:10,0,0,100,-100,0.0
2026-07-11,小倉08R,202610020508,小倉,ワイド,B,オヤツノジカン－シエーナカラー｜オヤツノジカン－ベルメサイア,8-10 / 4-10 / 4-8,0,0,200,-200,0.0
2026-07-11,小倉08R,202610020508,小倉,馬連,B,オヤツノジカン－シエーナカラー｜オヤツノジカン－ベルメサイア,8-10,0,0,200,-200,0.0
2026-07-11,小倉08R,202610020508,小倉,三連複,B,オヤツノジカン－シエーナカラー－ベルメサイア｜オヤツノジカン－シエーナカラー－ジョアン｜オヤツノジカン－シエーナカラー－アンリーベイビー｜オヤツノジカン－シエーナカラー－フェミナンジェンヌ｜オヤツノジカン－シエーナカラー－エイコーンドリーム,4-8-10,0,0,500,-500,0.0
2026-07-11,小倉08R,202610020508,小倉,三連単,B,オヤツノジカン－シエーナカラー－ベルメサイア,10-8-4,0,0,100,-100,0.0
2026-07-11,小倉09R,202610020509,小倉,本命,B,ウインリュクス,1着:4,0,0,100,-100,0.0
2026-07-11,小倉09R,202610020509,小倉,ワイド,B,ウインリュクス－タガノアルトゥーラ｜ウインリュクス－ダノンテムズ｜タガノアルトゥーラ－ダノンテムズ,3-4 / 4-10 / 3-10,0,0,300,-300,0.0
2026-07-11,小倉09R,202610020509,小倉,馬連,B,ウインリュクス－タガノアルトゥーラ,3-4,0,0,100,-100,0.0
2026-07-11,小倉09R,202610020509,小倉,三連複,B,ウインリュクス－タガノアルトゥーラ－ダノンテムズ｜ウインリュクス－タガノアルトゥーラ－レッドヴァリアート｜ウインリュクス－タガノアルトゥーラ－ヴェストラン,3-4-10,0,0,300,-300,0.0
2026-07-11,小倉09R,202610020509,小倉,三連単,B,ウインリュクス－タガノアルトゥーラ－ヴェストラン,4-3-10,0,0,100,-100,0.0
2026-07-11,小倉10R,202610020510,小倉,本命,C,スネーフリンガ,1着:14,0,0,100,-100,0.0
2026-07-11,小倉10R,202610020510,小倉,ワイド,C,スネーフリンガ－ユメシバイ｜スネーフリンガ－メローネ｜スネーフリンガ－ハルオーブ,3-14 / 14-16 / 3-16,0,0,300,-300,0.0
2026-07-11,小倉10R,202610020510,小倉,馬連,C,スネーフリンガ－メローネ｜スネーフリンガ－ユメシバイ,3-14,0,0,200,-200,0.0
2026-07-11,小倉10R,202610020510,小倉,三連複,C,スネーフリンガ－ユメシバイ－メローネ｜スネーフリンガ－メローネ－ハルオーブ｜スネーフリンガ－ユメシバイ－ハルオーブ｜スネーフリンガ－メローネ－シュブロンレーヴル｜スネーフリンガ－ユメシバイ－シュブロンレーヴル｜スネーフリンガ－メローネ－タナスーペルノーバ,3-14-16,0,0,600,-600,0.0
2026-07-11,小倉10R,202610020510,小倉,三連単,C,スネーフリンガ－ハルオーブ－ユメシバイ,14-3-16,0,0,100,-100,0.0
2026-07-11,小倉11R,202610020511,小倉,本命,B,ハヤテノツバサ,1着:5,0,0,100,-100,0.0
2026-07-11,小倉11R,202610020511,小倉,ワイド,B,ハヤテノツバサ－ジャーヴィス｜ハヤテノツバサ－スノーサイレンス,1-5 / 5-7 / 1-7,0,0,200,-200,0.0
2026-07-11,小倉11R,202610020511,小倉,馬連,B,ハヤテノツバサ－ジャーヴィス,1-5,0,0,100,-100,0.0
2026-07-11,小倉11R,202610020511,小倉,三連複,B,ハヤテノツバサ－ジャーヴィス－スノーサイレンス｜ハヤテノツバサ－ジャーヴィス－イマージョン｜ハヤテノツバサ－ジャーヴィス－ペイシャヴァルツー｜ハヤテノツバサ－ジャーヴィス－ベルギューン｜ハヤテノツバサ－ジャーヴィス－ポッドソル｜ハヤテノツバサ－ジャーヴィス－メイショウキルギス,1-5-7,0,0,600,-600,0.0
2026-07-11,小倉11R,202610020511,小倉,三連単,B,ハヤテノツバサ－ジャーヴィス－スノーサイレンス,5-1-7,0,0,100,-100,0.0
2026-07-11,小倉12R,202610020512,小倉,本命,B,ムーンリットアイル,1着:11,0,0,100,-100,0.0
2026-07-11,小倉12R,202610020512,小倉,ワイド,B,ムーンリットアイル－ジャンヌローサ｜ムーンリットアイル－タイガーロード｜ムーンリットアイル－ダノンプリマ,2-11 / 11-16 / 2-16,0,0,300,-300,0.0
2026-07-11,小倉12R,202610020512,小倉,馬連,B,ムーンリットアイル－ジャンヌローサ｜ムーンリットアイル－タイガーロード,2-11,0,0,200,-200,0.0
2026-07-11,小倉12R,202610020512,小倉,三連複,B,ムーンリットアイル－ジャンヌローサ－タイガーロード｜ムーンリットアイル－ジャンヌローサ－ダノンプリマ｜ムーンリットアイル－タイガーロード－ダノンプリマ｜ジャンヌローサ－タイガーロード－ダノンプリマ,2-11-16,0,0,400,-400,0.0
2026-07-11,小倉12R,202610020512,小倉,三連単,B,ムーンリットアイル－ジャンヌローサ－タイガーロード,11-2-16,0,0,100,-100,0.0
2026-07-11,福島01R,202603020501,福島,本命,C,トゥラッタッタ,1着:6,0,0,100,-100,0.0
2026-07-11,福島01R,202603020501,福島,ワイド,C,トゥラッタッタ－グラニットピーク｜トゥラッタッタ－フームスムート｜トゥラッタッタ－シャンデルナゴル,3-6 / 6-11 / 3-11,1,360,300,60,120.0
2026-07-11,福島01R,202603020501,福島,馬連,C,トゥラッタッタ－グラニットピーク｜トゥラッタッタ－フームスムート,3-6,0,0,200,-200,0.0
2026-07-11,福島01R,202603020501,福島,三連複,C,トゥラッタッタ－グラニットピーク－シャンデルナゴル｜トゥラッタッタ－グラニットピーク－フームスムート｜トゥラッタッタ－フームスムート－シャンデルナゴル｜トゥラッタッタ－グラニットピーク－ネイチャーシップ｜トゥラッタッタ－グラニットピーク－ヒットアンドロール｜トゥラッタッタ－フームスムート－ネイチャーシップ,3-6-11,0,0,600,-600,0.0
2026-07-11,福島01R,202603020501,福島,三連単,C,トゥラッタッタ－グラニットピーク－フームスムート,6-3-11,0,0,100,-100,0.0
2026-07-11,福島02R,202603020502,福島,本命,C,サイモンセレーノ,1着:6,1,280,100,180,280.0
2026-07-11,福島02R,202603020502,福島,ワイド,C,サイモンセレーノ－タマモチョコチップ｜サイモンセレーノ－イセッセイ｜サイモンセレーノ－ワイルドミュール,2-6 / 5-6 / 2-5,1,220,300,-80,73.3
2026-07-11,福島02R,202603020502,福島,馬連,C,サイモンセレーノ－タマモチョコチップ｜サイモンセレーノ－イセッセイ,2-6,0,0,200,-200,0.0
2026-07-11,福島02R,202603020502,福島,三連複,C,サイモンセレーノ－タマモチョコチップ－イセッセイ｜サイモンセレーノ－タマモチョコチップ－ワイルドミュール｜サイモンセレーノ－イセッセイ－ワイルドミュール｜サイモンセレーノ－タマモチョコチップ－メイショウミズホ｜サイモンセレーノ－タマモチョコチップ－エルミー｜サイモンセレーノ－イセッセイ－メイショウミズホ,2-5-6,0,0,600,-600,0.0
2026-07-11,福島02R,202603020502,福島,三連単,C,サイモンセレーノ－イセッセイ－メイショウミズホ,6-2-5,0,0,100,-100,0.0
2026-07-11,福島03R,202603020503,福島,本命,C,レオンティウス,1着:1,1,260,100,160,260.0
2026-07-11,福島03R,202603020503,福島,ワイド,C,レオンティウス－トーセンマスラオ｜レオンティウス－コスモシグナス｜トーセンマスラオ－コスモシグナス,1-9 / 1-4 / 4-9,1,360,300,60,120.0
2026-07-11,福島03R,202603020503,福島,馬連,C,レオンティウス－トーセンマスラオ｜レオンティウス－コスモシグナス,1-9,0,0,200,-200,0.0
2026-07-11,福島03R,202603020503,福島,三連複,C,レオンティウス－トーセンマスラオ－コスモシグナス｜レオンティウス－コスモシグナス－ジーティーフクジ｜レオンティウス－トーセンマスラオ－ジーティーフクジ｜レオンティウス－トーセンマスラオ－キャピタルストーン｜レオンティウス－トーセンマスラオ－ペアスターロード｜レオンティウス－コスモシグナス－キャピタルストーン,1-4-9,1,1480,600,880,246.7
2026-07-11,福島03R,202603020503,福島,三連単,C,レオンティウス－トーセンマスラオ－コスモシグナス,1-9-4,0,0,100,-100,0.0
2026-07-11,福島04R,202603020504,福島,本命,C,ウェスケンジントン,1着:13,1,510,100,410,510.0
2026-07-11,福島04R,202603020504,福島,ワイド,C,ウェスケンジントン－ロイヤルタイム｜ウェスケンジントン－ゴールドプレイヤー｜ウェスケンジントン－セブンワンダーズ,5-13 / 4-13 / 4-5,1,300,300,0,100.0
2026-07-11,福島04R,202603020504,福島,馬連,C,ウェスケンジントン－ロイヤルタイム｜ウェスケンジントン－ゴールドプレイヤー,5-13,1,940,200,740,470.0
2026-07-11,福島04R,202603020504,福島,三連複,C,ウェスケンジントン－ロイヤルタイム－ゴールドプレイヤー｜ウェスケンジントン－ロイヤルタイム－セブンワンダーズ｜ウェスケンジントン－ロイヤルタイム－ロードプレリュード｜ウェスケンジントン－ロイヤルタイム－マーゴットリック｜ウェスケンジントン－ゴールドプレイヤー－セブンワンダーズ｜ウェスケンジントン－ゴールドプレイヤー－ロードプレリュード,4-5-13,0,0,600,-600,0.0
2026-07-11,福島04R,202603020504,福島,三連単,C,ウェスケンジントン－ロイヤルタイム－ロードプレリュード,13-5-4,0,0,100,-100,0.0
2026-07-11,福島06R,202603020506,福島,本命,B,ウインテラジーナ,1着:9,0,0,100,-100,0.0
2026-07-11,福島06R,202603020506,福島,ワイド,B,ウインテラジーナ－フクオトコ｜ウインテラジーナ－ポポラヴィスタ｜ウインテラジーナ－ジョブックボー,6-9 / 1-9 / 1-6,0,0,300,-300,0.0
2026-07-11,福島06R,202603020506,福島,馬連,B,ウインテラジーナ－フクオトコ｜ウインテラジーナ－ポポラヴィスタ,6-9,0,0,200,-200,0.0
2026-07-11,福島06R,202603020506,福島,三連複,B,ウインテラジーナ－フクオトコ－ポポラヴィスタ｜ウインテラジーナ－フクオトコ－ジョブックボー｜ウインテラジーナ－フクオトコ－ムーングレイル｜ウインテラジーナ－ポポラヴィスタ－ジョブックボー｜ウインテラジーナ－フクオトコ－レッドフリーマン｜ウインテラジーナ－ポポラヴィスタ－ムーングレイル,1-6-9,0,0,600,-600,0.0
2026-07-11,福島06R,202603020506,福島,三連単,B,ウインテラジーナ－ポポラヴィスタ－ジョブックボー,9-6-1,0,0,100,-100,0.0
2026-07-11,福島07R,202603020507,福島,本命,C,ヴァンデスペランス,1着:6,0,0,100,-100,0.0
2026-07-11,福島07R,202603020507,福島,ワイド,C,ドナルンバ－ヴァンデスペランス｜ドナルンバ－イモータリス｜ヴァンデスペランス－イモータリス,6-9 / 4-6 / 4-9,1,210,300,-90,70.0
2026-07-11,福島07R,202603020507,福島,馬連,C,ドナルンバ－ヴァンデスペランス｜ドナルンバ－イモータリス,6-9,0,0,200,-200,0.0
2026-07-11,福島07R,202603020507,福島,三連複,C,ドナルンバ－ヴァンデスペランス－イモータリス｜ドナルンバ－ヴァンデスペランス－ボニープリンス｜ドナルンバ－ヴァンデスペランス－デリシュー,4-6-9,0,0,300,-300,0.0
2026-07-11,福島07R,202603020507,福島,三連単,C,ヴァンデスペランス－ドナルンバ－イモータリス,6-9-4,0,0,100,-100,0.0
2026-07-11,福島08R,202603020508,福島,本命,C,グラティアム,1着:12,0,0,100,-100,0.0
2026-07-11,福島08R,202603020508,福島,ワイド,C,グラティアム－アイムインディ｜グラティアム－ジェイエルキャリア｜アイムインディ－ジェイエルキャリア,9-12 / 1-12 / 1-9,0,0,300,-300,0.0
2026-07-11,福島08R,202603020508,福島,馬連,C,グラティアム－アイムインディ｜グラティアム－ジェイエルキャリア,9-12,0,0,200,-200,0.0
2026-07-11,福島08R,202603020508,福島,三連複,C,グラティアム－アイムインディ－ジェイエルキャリア｜グラティアム－アイムインディ－ミッシオーネ｜グラティアム－ジェイエルキャリア－ミッシオーネ｜グラティアム－アイムインディ－マサノピンクレディ｜グラティアム－アイムインディ－ゼファーテソーロ｜アイムインディ－ジェイエルキャリア－ミッシオーネ,1-9-12,0,0,600,-600,0.0
2026-07-11,福島08R,202603020508,福島,三連単,C,グラティアム－ジェイエルキャリア－ミッシオーネ,12-9-1,0,0,100,-100,0.0
2026-07-11,福島09R,202603020509,福島,本命,C,キングズトゥルー,1着:13,0,0,100,-100,0.0
2026-07-11,福島09R,202603020509,福島,ワイド,C,キングズトゥルー－ノクターン｜キングズトゥルー－サトノソティラス｜キングズトゥルー－モルトマエストーソ,5-13 / 3-13 / 3-5,0,0,300,-300,0.0
2026-07-11,福島09R,202603020509,福島,馬連,C,キングズトゥルー－ノクターン｜キングズトゥルー－サトノソティラス,5-13,0,0,200,-200,0.0
2026-07-11,福島09R,202603020509,福島,三連複,C,キングズトゥルー－ノクターン－サトノソティラス｜キングズトゥルー－ノクターン－モルトマエストーソ｜キングズトゥルー－ノクターン－ビッグベルーガ｜キングズトゥルー－サトノソティラス－モルトマエストーソ｜キングズトゥルー－ノクターン－スズカミエール｜ノクターン－サトノソティラス－モルトマエストーソ,3-5-13,0,0,600,-600,0.0
2026-07-11,福島09R,202603020509,福島,三連単,C,キングズトゥルー－モルトマエストーソ－ウインマイルート,13-5-3,0,0,100,-100,0.0
2026-07-11,福島10R,202603020510,福島,本命,C,スマイルアップ,1着:8,0,0,100,-100,0.0
2026-07-11,福島10R,202603020510,福島,ワイド,C,スマイルアップ－アタリダイキチ｜スマイルアップ－ショウナンラスボス｜アタリダイキチ－ショウナンラスボス,8-9 / 5-8 / 5-9,0,0,300,-300,0.0
2026-07-11,福島10R,202603020510,福島,馬連,C,スマイルアップ－アタリダイキチ｜スマイルアップ－ショウナンラスボス,8-9,0,0,200,-200,0.0
2026-07-11,福島10R,202603020510,福島,三連複,C,スマイルアップ－アタリダイキチ－ショウナンラスボス｜スマイルアップ－アタリダイキチ－フォルテム｜スマイルアップ－アタリダイキチ－メイショウヨゾラ｜スマイルアップ－アタリダイキチ－モーデン｜スマイルアップ－アタリダイキチ－ウナギノボリ,5-8-9,0,0,500,-500,0.0
2026-07-11,福島10R,202603020510,福島,三連単,C,スマイルアップ－アタリダイキチ－ショウナンラスボス,8-9-5,0,0,100,-100,0.0
2026-07-11,福島11R,202603020511,福島,本命,C,レッドアヴァンティ,1着:5,0,0,100,-100,0.0
2026-07-11,福島11R,202603020511,福島,ワイド,C,レッドアヴァンティ－クリエープキー｜レッドアヴァンティ－ショウナンハクラク｜クリエープキー－ショウナンハクラク,5-7 / 5-9 / 7-9,0,0,300,-300,0.0
2026-07-11,福島11R,202603020511,福島,馬連,C,レッドアヴァンティ－クリエープキー｜レッドアヴァンティ－ショウナンハクラク,5-7,0,0,200,-200,0.0
2026-07-11,福島11R,202603020511,福島,三連複,C,レッドアヴァンティ－クリエープキー－ショウナンハクラク｜レッドアヴァンティ－クリエープキー－マサノカナリア｜レッドアヴァンティ－クリエープキー－ゾンニッヒ｜レッドアヴァンティ－クリエープキー－クムシラコ｜レッドアヴァンティ－クリエープキー－シークレットヴァウ,5-7-9,0,0,500,-500,0.0
2026-07-11,福島11R,202603020511,福島,三連単,C,レッドアヴァンティ－クリエープキー－ショウナンハクラク,5-7-9,0,0,100,-100,0.0
2026-07-11,福島12R,202603020512,福島,本命,C,モヴレクス,1着:6,0,0,100,-100,0.0
2026-07-11,福島12R,202603020512,福島,ワイド,C,モヴレクス－アスパラゴ｜モヴレクス－コパノエイダン｜コパノエイダン－アスパラゴ,6-13 / 6-15 / 13-15,0,0,300,-300,0.0
2026-07-11,福島12R,202603020512,福島,馬連,C,モヴレクス－アスパラゴ｜モヴレクス－コパノエイダン,6-13,0,0,200,-200,0.0
2026-07-11,福島12R,202603020512,福島,三連複,C,モヴレクス－コパノエイダン－アスパラゴ｜モヴレクス－アスパラゴ－アンティミスト｜モヴレクス－コパノエイダン－アンティミスト｜コパノエイダン－アスパラゴ－アンティミスト｜モヴレクス－アスパラゴ－アルプスオジョー｜モヴレクス－コパノエイダン－アルプスオジョー,6-13-15,0,0,600,-600,0.0
2026-07-11,福島12R,202603020512,福島,三連単,C,モヴレクス－アスパラゴ－コパノエイダン,6-13-15,0,0,100,-100,0.0
2026-07-12,函館01R,202602011001,函館,本命,C,サンライズロイ,1着:4,0,0,100,-100,0.0
2026-07-12,函館01R,202602011001,函館,ワイド,C,ビタミンドロップ－サンライズロイ｜サンライズロイ－スイーヴル｜ビタミンドロップ－スイーヴル,4-6 / 4-12 / 6-12,1,970,300,670,323.3
2026-07-12,函館01R,202602011001,函館,馬連,C,ビタミンドロップ－サンライズロイ｜ビタミンドロップ－スイーヴル,4-6,1,360,200,160,180.0
2026-07-12,函館01R,202602011001,函館,三連複,C,ビタミンドロップ－サンライズロイ－スイーヴル｜ビタミンドロップ－サンライズロイ－マーゴットオネイロ｜サンライズロイ－スイーヴル－マーゴットオネイロ｜ビタミンドロップ－スイーヴル－マーゴットオネイロ｜ビタミンドロップ－サンライズロイ－ホワイトラバーズ｜ビタミンドロップ－スイーヴル－ホワイトラバーズ,4-6-12,1,880,600,280,146.7
2026-07-12,函館01R,202602011001,函館,三連単,C,サンライズロイ－ホワイトラバーズ－アジーザム,4-6-12,0,0,100,-100,0.0
2026-07-12,函館02R,202602011002,函館,本命,C,サウンドファミリエ,1着:7,0,0,100,-100,0.0
2026-07-12,函館02R,202602011002,函館,ワイド,C,サウンドファミリエ－アルケミラモリス｜サウンドファミリエ－ベネディクション｜アルケミラモリス－ベネディクション,7-11 / 6-7 / 6-11,1,1170,300,870,390.0
2026-07-12,函館02R,202602011002,函館,馬連,C,サウンドファミリエ－アルケミラモリス｜サウンドファミリエ－ベネディクション,7-11,1,3950,200,3750,1975.0
2026-07-12,函館02R,202602011002,函館,三連複,C,サウンドファミリエ－アルケミラモリス－ベネディクション｜サウンドファミリエ－アルケミラモリス－ダンツアラーム｜サウンドファミリエ－アルケミラモリス－ボーントゥラブユー｜サウンドファミリエ－ベネディクション－ダンツアラーム｜サウンドファミリエ－ベネディクション－ボーントゥラブユー｜アルケミラモリス－ベネディクション－ダンツアラーム,6-7-11,0,0,600,-600,0.0
2026-07-12,函館02R,202602011002,函館,三連単,C,サウンドファミリエ－アルケミラモリス－ベネディクション,7-11-6,0,0,100,-100,0.0
2026-07-12,函館03R,202602011003,函館,本命,C,ハイテイラオユエ,1着:12,0,0,100,-100,0.0
2026-07-12,函館03R,202602011003,函館,ワイド,C,ハイテイラオユエ－ビンバラ｜ハイテイラオユエ－ロスニーニョス｜ハイテイラオユエ－コサージュ,8-12 / 5-12 / 5-8,1,380,300,80,126.7
2026-07-12,函館03R,202602011003,函館,馬連,C,ハイテイラオユエ－ビンバラ｜ハイテイラオユエ－ロスニーニョス,8-12,1,810,200,610,405.0
2026-07-12,函館03R,202602011003,函館,三連複,C,ハイテイラオユエ－ビンバラ－ロスニーニョス｜ハイテイラオユエ－ビンバラ－コサージュ｜ハイテイラオユエ－ビンバラ－ジャストアダッシュ｜ハイテイラオユエ－ビンバラ－ホウオウロレンシア｜ハイテイラオユエ－ロスニーニョス－コサージュ｜ビンバラ－ロスニーニョス－コサージュ,5-8-12,0,0,600,-600,0.0
2026-07-12,函館03R,202602011003,函館,三連単,C,ハイテイラオユエ－ロスニーニョス－コサージュ,12-8-5,0,0,100,-100,0.0
2026-07-12,函館04R,202602011004,函館,本命,C,ヴィラジョヴィス,1着:4,0,0,100,-100,0.0
2026-07-12,函館04R,202602011004,函館,ワイド,C,ヴィラジョヴィス－ハルノアメ｜ヴィラジョヴィス－タケルフォーカス｜ハルノアメ－タケルフォーカス,3-4 / 4-7 / 3-7,0,0,300,-300,0.0
2026-07-12,函館04R,202602011004,函館,馬連,C,ヴィラジョヴィス－ハルノアメ｜ヴィラジョヴィス－タケルフォーカス,3-4,0,0,200,-200,0.0
2026-07-12,函館04R,202602011004,函館,三連複,C,ヴィラジョヴィス－ハルノアメ－タケルフォーカス｜ヴィラジョヴィス－ハルノアメ－テンバコウクウ｜ヴィラジョヴィス－タケルフォーカス－テンバコウクウ｜ヴィラジョヴィス－ハルノアメ－ラッキーシグネチャ｜ヴィラジョヴィス－ハルノアメ－ダディーズソード｜ヴィラジョヴィス－タケルフォーカス－ラッキーシグネチャ,3-4-7,0,0,600,-600,0.0
2026-07-12,函館04R,202602011004,函館,三連単,C,ヴィラジョヴィス－テンバコウクウ－タケルフォーカス,4-3-7,0,0,100,-100,0.0
2026-07-12,函館05R,202602011005,函館,本命,C,トルネードサンダー,1着:4,0,0,100,-100,0.0
2026-07-12,函館05R,202602011005,函館,ワイド,C,トルネードサンダー－リラカリス｜アオイノリプー－トルネードサンダー｜アオイノリプー－リラカリス,4-5 / 4-6 / 5-6,0,0,300,-300,0.0
2026-07-12,函館05R,202602011005,函館,馬連,C,トルネードサンダー－リラカリス｜アオイノリプー－リラカリス,4-5,0,0,200,-200,0.0
2026-07-12,函館05R,202602011005,函館,三連複,C,アオイノリプー－リラカリス－トムクリオーザ｜トルネードサンダー－リラカリス－ニーナラルゴ｜トルネードサンダー－リラカリス－トムクリオーザ｜トルネードサンダー－リラカリス－ブラッグス｜アオイノリプー－トルネードサンダー－ニーナラルゴ｜トルネードサンダー－リラカリス－ジオ,4-5-6,0,0,600,-600,0.0
2026-07-12,函館05R,202602011005,函館,三連単,C,トルネードサンダー－リラカリス－アオイノリプー,4-5-6,0,0,100,-100,0.0
2026-07-12,函館06R,202602011006,函館,本命,B,ミルトメロディー,1着:1,1,1690,100,1590,1690.0
2026-07-12,函館06R,202602011006,函館,ワイド,B,ミルトメロディー－ミルトメロディー｜ミルトメロディー－ルージュフィーリア｜ミルトメロディー－ルージュフィーリア,1-2 / 1-3 / 2-3,0,0,300,-300,0.0
2026-07-12,函館06R,202602011006,函館,馬連,B,ミルトメロディー－ミルトメロディー｜ミルトメロディー－ルージュフィーリア,1-2,0,0,200,-200,0.0
2026-07-12,函館06R,202602011006,函館,三連複,B,ミルトメロディー－ミルトメロディー－ルージュフィーリア｜ミルトメロディー－ミルトメロディー－ルーチェコメット,1-2-3,0,0,200,-200,0.0
2026-07-12,函館06R,202602011006,函館,三連単,B,ミルトメロディー－ルージュフィーリア－ルーチェコメット,1-2-3,0,0,100,-100,0.0
2026-07-12,函館07R,202602011007,函館,本命,S,コイタマチャン,1着:9,0,0,100,-100,0.0
2026-07-12,函館07R,202602011007,函館,ワイド,S,コイタマチャン－マリブサーフ｜コイタマチャン－アリストクラシア｜マリブサーフ－アリストクラシア,2-9 / 4-9 / 2-4,0,0,300,-300,0.0
2026-07-12,函館07R,202602011007,函館,馬連,S,コイタマチャン－マリブサーフ｜コイタマチャン－アリストクラシア,2-9,0,0,200,-200,0.0
2026-07-12,函館07R,202602011007,函館,三連複,S,コイタマチャン－マリブサーフ－アリストクラシア｜コイタマチャン－マリブサーフ－デルマサクラサク,2-4-9,0,0,200,-200,0.0
2026-07-12,函館07R,202602011007,函館,三連単,S,コイタマチャン－マリブサーフ－アリストクラシア,9-2-4,0,0,100,-100,0.0
2026-07-12,函館08R,202602011008,函館,本命,C,ハイドパーク,1着:2,0,0,100,-100,0.0
2026-07-12,函館08R,202602011008,函館,ワイド,C,ハイドパーク－シーリュウシー｜ハイドパーク－ブレイクザアイス｜ハイドパーク－サトノリアン,2-9 / 2-8 / 8-9,0,0,300,-300,0.0
2026-07-12,函館08R,202602011008,函館,馬連,C,ハイドパーク－シーリュウシー｜ハイドパーク－ブレイクザアイス,2-9,0,0,200,-200,0.0
2026-07-12,函館08R,202602011008,函館,三連複,C,ハイドパーク－シーリュウシー－ブレイクザアイス｜ハイドパーク－シーリュウシー－ブレイクザアイス｜ハイドパーク－シーリュウシー－サトノリアン｜ハイドパーク－シーリュウシー－ディースプレマシー｜ハイドパーク－サトノリアン－ブレイクザアイス｜ハイドパーク－シーリュウシー－ダイシンレアレア,2-8-9,0,0,600,-600,0.0
2026-07-12,函館08R,202602011008,函館,三連単,C,ハイドパーク－シーリュウシー－ブレイクザアイス,2-9-8,0,0,100,-100,0.0
2026-07-12,函館09R,202602011009,函館,本命,C,コッツォリーノ,1着:1,0,0,100,-100,0.0
2026-07-12,函館09R,202602011009,函館,ワイド,C,コッツォリーノ－ラブリーリディア｜コッツォリーノ－フォルテフィオーレ｜コッツォリーノ－レイヤードレッド,1-5 / 1-2 / 2-5,0,0,300,-300,0.0
2026-07-12,函館09R,202602011009,函館,馬連,C,コッツォリーノ－ラブリーリディア｜コッツォリーノ－フォルテフィオーレ,1-5,0,0,200,-200,0.0
2026-07-12,函館09R,202602011009,函館,三連複,C,コッツォリーノ－ラブリーリディア－フォルテフィオーレ｜コッツォリーノ－ラブリーリディア－ロードマンハイム｜コッツォリーノ－ラブリーリディア－バルティカ｜コッツォリーノ－ラブリーリディア－レイヤードレッド｜コッツォリーノ－フォルテフィオーレ－レイヤードレッド｜コッツォリーノ－フォルテフィオーレ－ロードマンハイム,1-2-5,0,0,600,-600,0.0
2026-07-12,函館09R,202602011009,函館,三連単,C,コッツォリーノ－ラブリーリディア－レイヤードレッド,1-5-2,0,0,100,-100,0.0
2026-07-12,函館10R,202602011010,函館,本命,C,エコロレバン,1着:6,0,0,100,-100,0.0
2026-07-12,函館10R,202602011010,函館,ワイド,C,エコロレバン－デアプリームス｜エコロレバン－カネコメブライト｜エコロレバン－カネコメブライト,5-6 / 6-8 / 5-8,0,0,300,-300,0.0
2026-07-12,函館10R,202602011010,函館,馬連,C,エコロレバン－デアプリームス｜エコロレバン－カネコメブライト,5-6,0,0,200,-200,0.0
2026-07-12,函館10R,202602011010,函館,三連複,C,エコロレバン－デアプリームス－カネコメブライト｜エコロレバン－デアプリームス－マメタンク｜エコロレバン－デアプリームス－カネコメブライト｜エコロレバン－デアプリームス－ヒットミー｜エコロレバン－デアプリームス－クロナ｜エコロレバン－カネコメブライト－カネコメブライト,5-6-8,0,0,600,-600,0.0
2026-07-12,函館10R,202602011010,函館,三連単,C,エコロレバン－カネコメブライト－カネコメブライト,6-5-8,0,0,100,-100,0.0
2026-07-12,函館11R,202602011011,函館,本命,B,タシット,1着:10,0,0,100,-100,0.0
2026-07-12,函館11R,202602011011,函館,ワイド,B,タシット－パトリックハンサム｜タシット－シルトホルン｜パトリックハンサム－シルトホルン,10-12 / 4-10 / 4-12,0,0,300,-300,0.0
2026-07-12,函館11R,202602011011,函館,馬連,B,タシット－パトリックハンサム｜タシット－シルトホルン,10-12,0,0,200,-200,0.0
2026-07-12,函館11R,202602011011,函館,三連複,B,タシット－パトリックハンサム－シルトホルン｜タシット－パトリックハンサム－リラボニート｜タシット－パトリックハンサム－キョウエイブリッサ｜タシット－パトリックハンサム－レディネス｜タシット－パトリックハンサム－ストレイトトーカー,4-10-12,0,0,500,-500,0.0
2026-07-12,函館11R,202602011011,函館,三連単,B,タシット－パトリックハンサム－シルトホルン,10-12-4,0,0,100,-100,0.0
2026-07-12,函館12R,202602011012,函館,本命,S,ハッピーラッキー,1着:5,0,0,100,-100,0.0
2026-07-12,函館12R,202602011012,函館,ワイド,S,ハッピーラッキー－シャルトル｜ハッピーラッキー－ダブルチャレンジ｜シャルトル－ダブルチャレンジ,4-5 / 2-5 / 2-4,0,0,300,-300,0.0
2026-07-12,函館12R,202602011012,函館,馬連,S,ハッピーラッキー－シャルトル｜ハッピーラッキー－ダブルチャレンジ,4-5,0,0,200,-200,0.0
2026-07-12,函館12R,202602011012,函館,三連複,S,ハッピーラッキー－シャルトル－ダブルチャレンジ｜ハッピーラッキー－シャルトル－マインセーラ｜ハッピーラッキー－シャルトル－ココソラーレ｜ハッピーラッキー－ダブルチャレンジ－マインセーラ,2-4-5,0,0,400,-400,0.0
2026-07-12,函館12R,202602011012,函館,三連単,S,ハッピーラッキー－シャルトル－ダブルチャレンジ,5-4-2,0,0,100,-100,0.0
2026-07-12,小倉01R,202610020601,小倉,本命,A,ベルセクレト,1着:10,0,0,100,-100,0.0
2026-07-12,小倉01R,202610020601,小倉,ワイド,A,ベルセクレト－フルフィルメント｜ベルセクレト－ホーリーステップ｜ベルセクレト－ロージーキャンドル,2-10 / 10-11 / 2-11,0,0,300,-300,0.0
2026-07-12,小倉01R,202610020601,小倉,馬連,A,ベルセクレト－フルフィルメント｜ベルセクレト－ホーリーステップ,2-10,0,0,200,-200,0.0
2026-07-12,小倉01R,202610020601,小倉,三連複,A,ベルセクレト－フルフィルメント－ホーリーステップ｜ベルセクレト－フルフィルメント－ロージーキャンドル｜ベルセクレト－フルフィルメント－ドゥボヌール｜ベルセクレト－フルフィルメント－ハクサンテドリガワ｜ベルセクレト－フルフィルメント－マルモズイルバア｜ベルセクレト－フルフィルメント－ティグリス,2-10-11,0,0,600,-600,0.0
2026-07-12,小倉01R,202610020601,小倉,三連単,A,ベルセクレト－フルフィルメント－ドゥボヌール,10-2-11,0,0,100,-100,0.0
2026-07-12,小倉02R,202610020602,小倉,本命,B,タガノプディング,1着:9,0,0,100,-100,0.0
2026-07-12,小倉02R,202610020602,小倉,ワイド,B,タガノプディング－キタノプレミアム｜タガノプディング－クロカミジョウ｜タガノプディング－ペコリズム,6-9 / 9-10 / 6-10,0,0,300,-300,0.0
2026-07-12,小倉02R,202610020602,小倉,馬連,B,タガノプディング－キタノプレミアム｜タガノプディング－クロカミジョウ,6-9,0,0,200,-200,0.0
2026-07-12,小倉02R,202610020602,小倉,三連複,B,タガノプディング－クロカミジョウ－キタノプレミアム｜タガノプディング－キタノプレミアム－ペコリズム｜タガノプディング－クロカミジョウ－ペコリズム｜タガノプディング－クロカミジョウ－キャッチアシーフ｜タガノプディング－キタノプレミアム－キャッチアシーフ｜タガノプディング－キタノプレミアム－ナブッコ,6-9-10,0,0,600,-600,0.0
2026-07-12,小倉02R,202610020602,小倉,三連単,B,タガノプディング－ペコリズム－キタノプレミアム,9-6-10,0,0,100,-100,0.0
2026-07-12,小倉03R,202610020603,小倉,本命,C,ブルーザー,1着:2,0,0,100,-100,0.0
2026-07-12,小倉03R,202610020603,小倉,ワイド,C,ブルーザー－チェファルー｜ブルーザー－ラルヴァンダード｜ブルーザー－グレイイメル,2-5 / 2-7 / 5-7,1,680,300,380,226.7
2026-07-12,小倉03R,202610020603,小倉,馬連,C,ブルーザー－チェファルー｜ブルーザー－ラルヴァンダード,2-5,0,0,200,-200,0.0
2026-07-12,小倉03R,202610020603,小倉,三連複,C,ブルーザー－チェファルー－ラルヴァンダード｜ブルーザー－チェファルー－グレイイメル｜ブルーザー－ラルヴァンダード－グレイイメル｜ブルーザー－チェファルー－キービート｜ブルーザー－チェファルー－グレイイメル｜ブルーザー－ラルヴァンダード－キービート,2-5-7,1,750,600,150,125.0
2026-07-12,小倉03R,202610020603,小倉,三連単,C,ブルーザー－キービート－グレイイメル,2-5-7,0,0,100,-100,0.0
2026-07-12,小倉04R,202610020604,小倉,本命,C,ブランチアウト,1着:7,0,0,100,-100,0.0
2026-07-12,小倉04R,202610020604,小倉,ワイド,C,ブランチアウト－フェブリノ｜ブランチアウト－ラミエルノムスコ｜ブランチアウト－セルヴァジオ,7-12 / 6-7 / 6-12,1,590,300,290,196.7
2026-07-12,小倉04R,202610020604,小倉,馬連,C,ブランチアウト－フェブリノ｜フェブリノ－セルヴァジオ,7-12,0,0,200,-200,0.0
2026-07-12,小倉04R,202610020604,小倉,三連複,C,ブランチアウト－フェブリノ－ラミエルノムスコ｜ブランチアウト－フェブリノ－セルヴァジオ｜ブランチアウト－セルヴァジオ－ラミエルノムスコ｜フェブリノ－セルヴァジオ－ラミエルノムスコ,6-7-12,0,0,400,-400,0.0
2026-07-12,小倉04R,202610020604,小倉,三連単,C,ブランチアウト－フェブリノ－セルヴァジオ,7-12-6,0,0,100,-100,0.0
2026-07-12,小倉05R,202610020605,小倉,本命,C,パーセンタイル,1着:7,0,0,100,-100,0.0
2026-07-12,小倉05R,202610020605,小倉,ワイド,C,パーセンタイル－ロクメイカン｜パーセンタイル－フェーエンハフト｜シュガーハウス－フェーエンハフト,6-7 / 1-7 / 1-6,0,0,300,-300,0.0
2026-07-12,小倉05R,202610020605,小倉,馬連,C,パーセンタイル－ロクメイカン｜パーセンタイル－フェーエンハフト,6-7,0,0,200,-200,0.0
2026-07-12,小倉05R,202610020605,小倉,三連複,C,パーセンタイル－フェーエンハフト－サイモンレガシー｜パーセンタイル－フェーエンハフト－ロクメイカン｜シュガーハウス－フェーエンハフト－サイモンレガシー｜パーセンタイル－ロクメイカン－シックパラソル｜パーセンタイル－ロクメイカン－サイモンレガシー｜パーセンタイル－シュガーハウス－フェーエンハフト,1-6-7,0,0,600,-600,0.0
2026-07-12,小倉05R,202610020605,小倉,三連単,C,パーセンタイル－フェーエンハフト－シュガーハウス,7-6-1,0,0,100,-100,0.0
2026-07-12,小倉06R,202610020606,小倉,本命,C,コパノキャンペーン,1着:4,0,0,100,-100,0.0
2026-07-12,小倉06R,202610020606,小倉,ワイド,C,コパノキャンペーン－アンドヴェローナ｜コパノキャンペーン－ジョン｜コパノキャンペーン－ララララブソング,4-6 / 4-5 / 5-6,0,0,300,-300,0.0
2026-07-12,小倉06R,202610020606,小倉,馬連,C,コパノキャンペーン－ララララブソング｜ララララブソング－ビバームス,4-6,0,0,200,-200,0.0
2026-07-12,小倉06R,202610020606,小倉,三連複,C,コパノキャンペーン－ビバームス－ブラックブレット｜コパノキャンペーン－ララララブソング－アンドヴェローナ｜コパノキャンペーン－アンドヴェローナ－ブラックブレット｜コパノキャンペーン－アンドヴェローナ－ジョン｜コパノキャンペーン－ララララブソング－ブラックブレット｜ララララブソング－ビバームス－ブラックブレット,4-5-6,0,0,600,-600,0.0
2026-07-12,小倉06R,202610020606,小倉,三連単,C,コパノキャンペーン－ララララブソング－アンドヴェローナ,4-6-5,0,0,100,-100,0.0
2026-07-12,小倉07R,202610020607,小倉,本命,A,エアフォースワン,1着:4,0,0,100,-100,0.0
2026-07-12,小倉07R,202610020607,小倉,ワイド,A,エアフォースワン－コルヴァス｜エアフォースワン－タマモスカイ｜コルヴァス－タマモスカイ,4-5 / 4-12 / 5-12,0,0,300,-300,0.0
2026-07-12,小倉07R,202610020607,小倉,馬連,A,エアフォースワン－コルヴァス｜エアフォースワン－タマモスカイ,4-5,0,0,200,-200,0.0
2026-07-12,小倉07R,202610020607,小倉,三連複,A,エアフォースワン－コルヴァス－タマモスカイ｜エアフォースワン－タマモスカイ－オオツカ｜エアフォースワン－コルヴァス－オオツカ,4-5-12,0,0,300,-300,0.0
2026-07-12,小倉07R,202610020607,小倉,三連単,A,エアフォースワン－タマモスカイ－コルヴァス,4-5-12,0,0,100,-100,0.0
2026-07-12,小倉08R,202610020608,小倉,本命,C,ミリタリータトゥー,1着:1,1,310,100,210,310.0
2026-07-12,小倉08R,202610020608,小倉,ワイド,C,ミリタリータトゥー－ミリタリータトゥー｜ミリタリータトゥー－ペイシャシス｜ミリタリータトゥー－ペイシャシス,1-2 / 1-3 / 2-3,1,480,300,180,160.0
2026-07-12,小倉08R,202610020608,小倉,馬連,C,ミリタリータトゥー－ミリタリータトゥー｜ミリタリータトゥー－ペイシャシス,1-2,1,460,200,260,230.0
2026-07-12,小倉08R,202610020608,小倉,三連複,C,ミリタリータトゥー－ミリタリータトゥー－ペイシャシス｜ミリタリータトゥー－ミリタリータトゥー－メイショウピリカ｜ミリタリータトゥー－ミリタリータトゥー－ミッキーマーメイド｜ミリタリータトゥー－ペイシャシス－メイショウピリカ｜ミリタリータトゥー－ペイシャシス－ミッキーマーメイド｜ミリタリータトゥー－ペイシャシス－メイショウピリカ,1-2-3,0,0,600,-600,0.0
2026-07-12,小倉08R,202610020608,小倉,三連単,C,ミリタリータトゥー－ペイシャシス－メイショウピリカ,1-2-3,0,0,100,-100,0.0
2026-07-12,小倉09R,202610020609,小倉,本命,C,トモジャザーン,1着:8,0,0,100,-100,0.0
2026-07-12,小倉09R,202610020609,小倉,ワイド,C,トモジャザーン－タガノアニマシオン｜トモジャザーン－ホウショウルクス｜タガノアニマシオン－ホウショウルクス,8-10 / 6-8 / 6-10,0,0,300,-300,0.0
2026-07-12,小倉09R,202610020609,小倉,馬連,C,トモジャザーン－ホウショウルクス｜タガノアニマシオン－ホウショウルクス,8-10,0,0,200,-200,0.0
2026-07-12,小倉09R,202610020609,小倉,三連複,C,トモジャザーン－タガノアニマシオン－ホウショウルクス｜トモジャザーン－ホウショウルクス－プウスカンドゥール｜トモジャザーン－タガノアニマシオン－ショウナンバンライ｜タガノアニマシオン－ホウショウルクス－ショウナンバンライ｜トモジャザーン－タガノアニマシオン－プウスカンドゥール｜タガノアニマシオン－ホウショウルクス－プウスカンドゥール,6-8-10,0,0,600,-600,0.0
2026-07-12,小倉09R,202610020609,小倉,三連単,C,トモジャザーン－プウスカンドゥール－ショウナンバンライ,8-10-6,0,0,100,-100,0.0
2026-07-12,小倉10R,202610020610,小倉,本命,C,ダノンカゼルタ,1着:10,0,0,100,-100,0.0
2026-07-12,小倉10R,202610020610,小倉,ワイド,C,ダノンカゼルタ－ダノンカゼルタ｜ダノンカゼルタ－ジャスティンガルフ｜ダノンカゼルタ－ジャスティンガルフ,1-10 / 9-10 / 1-9,1,1180,300,880,393.3
2026-07-12,小倉10R,202610020610,小倉,馬連,C,ダノンカゼルタ－ダノンカゼルタ｜ダノンカゼルタ－ジャスティンガルフ,1-10,1,1430,200,1230,715.0
2026-07-12,小倉10R,202610020610,小倉,三連複,C,ダノンカゼルタ－ダノンカゼルタ－ジャスティンガルフ｜ダノンカゼルタ－ダノンカゼルタ－オウケンボルト｜ダノンカゼルタ－ジャスティンガルフ－オウケンボルト｜ダノンカゼルタ－ジャスティンガルフ－オウケンボルト｜ダノンカゼルタ－ダノンカゼルタ－アスクエピソード｜ダノンカゼルタ－ダノンカゼルタ－レイピカケ,1-9-10,0,0,600,-600,0.0
2026-07-12,小倉10R,202610020610,小倉,三連単,C,ダノンカゼルタ－ジャスティンガルフ－オウケンボルト,10-1-9,0,0,100,-100,0.0
2026-07-12,小倉11R,202610020611,小倉,本命,A,モックモック,1着:6,0,0,100,-100,0.0
2026-07-12,小倉11R,202610020611,小倉,ワイド,A,モックモック－モンブランミノル｜モックモック－ゴッドブルービー｜モンブランミノル－ゴッドブルービー,5-6 / 6-9 / 5-9,0,0,300,-300,0.0
2026-07-12,小倉11R,202610020611,小倉,馬連,A,モックモック－モンブランミノル｜モックモック－ゴッドブルービー,5-6,0,0,200,-200,0.0
2026-07-12,小倉11R,202610020611,小倉,三連複,A,モックモック－モンブランミノル－ゴッドブルービー｜モックモック－モンブランミノル－フェルヴェンテ,5-6-9,0,0,200,-200,0.0
2026-07-12,小倉11R,202610020611,小倉,三連単,A,モックモック－モンブランミノル－ゴッドブルービー,6-5-9,0,0,100,-100,0.0
2026-07-12,小倉12R,202610020612,小倉,本命,C,ベルファスト,1着:8,0,0,100,-100,0.0
2026-07-12,小倉12R,202610020612,小倉,ワイド,C,ベルファスト－ジューンオアシス｜ベルファスト－ドルチェミスト｜ベルファスト－ドルチェミスト,8-15 / 8-17 / 15-17,0,0,300,-300,0.0
2026-07-12,小倉12R,202610020612,小倉,馬連,C,ベルファスト－ジューンオアシス｜ベルファスト－ドルチェミスト,8-15,0,0,200,-200,0.0
2026-07-12,小倉12R,202610020612,小倉,三連複,C,ベルファスト－ジューンオアシス－ドルチェミスト｜ベルファスト－ドルチェミスト－ドルチェミスト｜ベルファスト－ジューンオアシス－ドルチェミスト｜ベルファスト－ドルチェミスト－ウインマスカレード｜ベルファスト－ジューンオアシス－ウインマスカレード｜ベルファスト－ジューンオアシス－フィラーエ,8-15-17,0,0,600,-600,0.0
2026-07-12,小倉12R,202610020612,小倉,三連単,C,ベルファスト－ラブカムーン－ジューンオアシス,8-15-17,0,0,100,-100,0.0
2026-07-12,福島01R,202603020601,福島,本命,C,トーアマリシテン,1着:3,1,330,100,230,330.0
2026-07-12,福島01R,202603020601,福島,ワイド,C,トーアマリシテン－ブライテストドーン｜トーアマリシテン－ゲレル｜ブライテストドーン－ゲレル,3-13 / 3-6 / 6-13,0,0,300,-300,0.0
2026-07-12,福島01R,202603020601,福島,馬連,C,トーアマリシテン－ゲレル｜トーアマリシテン－ブライテストドーン,3-13,0,0,200,-200,0.0
2026-07-12,福島01R,202603020601,福島,三連複,C,トーアマリシテン－ブライテストドーン－ゲレル｜トーアマリシテン－ブライテストドーン－サラフィエル｜トーアマリシテン－ゲレル－サラフィエル｜トーアマリシテン－ゲレル－モスクロッサー｜トーアマリシテン－ブライテストドーン－モスクロッサー｜トーアマリシテン－ブライテストドーン－ノブダブルホワイト,3-6-13,0,0,600,-600,0.0
2026-07-12,福島01R,202603020601,福島,三連単,C,トーアマリシテン－ブライテストドーン－ゲレル,3-13-6,0,0,100,-100,0.0
2026-07-12,福島02R,202603020602,福島,本命,C,クリムゾンリーフ,1着:2,0,0,100,-100,0.0
2026-07-12,福島02R,202603020602,福島,ワイド,C,クリムゾンリーフ－アーティキュレート｜クリムゾンリーフ－レヴェンドール｜クリムゾンリーフ－ゴットタレント,2-15 / 1-2 / 1-15,0,0,300,-300,0.0
2026-07-12,福島02R,202603020602,福島,馬連,C,クリムゾンリーフ－アーティキュレート｜クリムゾンリーフ－レヴェンドール,2-15,0,0,200,-200,0.0
2026-07-12,福島02R,202603020602,福島,三連複,C,クリムゾンリーフ－アーティキュレート－レヴェンドール｜クリムゾンリーフ－アーティキュレート－ゴットタレント｜クリムゾンリーフ－アーティキュレート－トランセンコ｜クリムゾンリーフ－アーティキュレート－サングラント｜クリムゾンリーフ－ゴットタレント－レヴェンドール｜クリムゾンリーフ－ゴットタレント－トランセンコ,1-2-15,0,0,600,-600,0.0
2026-07-12,福島02R,202603020602,福島,三連単,C,クリムゾンリーフ－レヴェンドール－アーティキュレート,2-15-1,0,0,100,-100,0.0
2026-07-12,福島03R,202603020603,福島,本命,B,ヴァルカンテソーロ,1着:9,1,150,100,50,150.0
2026-07-12,福島03R,202603020603,福島,ワイド,B,ヴァルカンテソーロ－ブライスフェアリー｜ヴァルカンテソーロ－ヴォンサクレ｜ヴァルカンテソーロ－ウッケン,9-13 / 6-9 / 6-13,1,430,300,130,143.3
2026-07-12,福島03R,202603020603,福島,馬連,B,ヴァルカンテソーロ－ブライスフェアリー｜ヴァルカンテソーロ－ヴォンサクレ,9-13,1,1030,200,830,515.0
2026-07-12,福島03R,202603020603,福島,三連複,B,ヴァルカンテソーロ－ヴォンサクレ－ブライスフェアリー｜ヴァルカンテソーロ－ブライスフェアリー－ウッケン｜ヴァルカンテソーロ－ヴォンサクレ－ウッケン｜ヴァルカンテソーロ－ブライスフェアリー－チャンピオンホープ｜ヴァルカンテソーロ－ヴォンサクレ－チャンピオンホープ｜ヴァルカンテソーロ－ヴォンサクレ－ウッケン,6-9-13,0,0,600,-600,0.0
2026-07-12,福島03R,202603020603,福島,三連単,B,ヴァルカンテソーロ－ヴォンサクレ－ブライスフェアリー,9-13-6,0,0,100,-100,0.0
2026-07-12,福島04R,202603020604,福島,本命,C,ヴェールネージュ,1着:6,0,0,100,-100,0.0
2026-07-12,福島04R,202603020604,福島,ワイド,C,ウカテンセイ－ヴェールネージュ｜サクセスボーイ－ヴェールネージュ｜ウカテンセイ－サクセスボーイ,6-8 / 5-6 / 5-8,0,0,300,-300,0.0
2026-07-12,福島04R,202603020604,福島,馬連,C,ヴェールネージュ－ハルガスミ｜ウカテンセイ－ジェントルアイズ,6-8,0,0,200,-200,0.0
2026-07-12,福島04R,202603020604,福島,三連複,C,ウカテンセイ－サクセスボーイ－ヴェールネージュ｜ウカテンセイ－ヴェールネージュ－ハルガスミ｜ウカテンセイ－ジェントルアイズ－エコロテラ｜ウカテンセイ－ジェントルアイズ－ハルガスミ｜サクセスボーイ－ヴェールネージュ－ハルガスミ｜ウカテンセイ－サクセスボーイ－トム,5-6-8,0,0,600,-600,0.0
2026-07-12,福島04R,202603020604,福島,三連単,C,ヴェールネージュ－ウカテンセイ－サクセスボーイ,6-8-5,0,0,100,-100,0.0
2026-07-12,福島05R,202603020605,福島,本命,C,ブルーリボン,1着:12,0,0,100,-100,0.0
2026-07-12,福島05R,202603020605,福島,ワイド,C,エイシンウルクンデ－ブルーリボン｜ローグアン－ハクタカ｜インザダーク－セレスタイト,4-12 / 12-14 / 4-14,0,0,300,-300,0.0
2026-07-12,福島05R,202603020605,福島,馬連,C,ドーンレーサー－インザダーク｜ローグアン－ブルーリボン,4-12,0,0,200,-200,0.0
2026-07-12,福島05R,202603020605,福島,三連複,C,エクスマキナ－ブルーリボン－インザダーク｜ローグアン－エクスマキナ－シーズアウルフ｜ドーンレーサー－ブルーリボン－セレスタイト｜ドーンレーサー－ブルーリボン－ワンコール｜ドーンレーサー－エイシンウルクンデ－ブルーリボン｜ローグアン－ハクタカ－シーズアウルフ,4-12-14,0,0,600,-600,0.0
2026-07-12,福島05R,202603020605,福島,三連単,C,ブルーリボン－ハクタカ－ドーンレーサー,12-4-14,0,0,100,-100,0.0
2026-07-12,福島06R,202603020606,福島,本命,C,ツクバヴァンガード,1着:12,0,0,100,-100,0.0
2026-07-12,福島06R,202603020606,福島,ワイド,C,ツクバヴァンガード－ミスタートントン｜ツクバヴァンガード－ニンジャトットリ｜ミスタートントン－ニンジャトットリ,6-12 / 10-12 / 6-10,0,0,300,-300,0.0
2026-07-12,福島06R,202603020606,福島,馬連,C,ツクバヴァンガード－ミスタートントン｜ツクバヴァンガード－ニンジャトットリ,6-12,0,0,200,-200,0.0
2026-07-12,福島06R,202603020606,福島,三連複,C,ツクバヴァンガード－ミスタートントン－ニンジャトットリ｜ツクバヴァンガード－ミスタートントン－ミラビリオン｜ツクバヴァンガード－ミスタートントン－ジャメビュ｜ツクバヴァンガード－ミスタートントン－イイクニパッション｜ツクバヴァンガード－ニンジャトットリ－ミラビリオン｜ミスタートントン－ニンジャトットリ－ミラビリオン,6-10-12,0,0,600,-600,0.0
2026-07-12,福島06R,202603020606,福島,三連単,C,ツクバヴァンガード－ミスタートントン－ニンジャトットリ,12-6-10,0,0,100,-100,0.0
2026-07-12,福島07R,202603020607,福島,本命,B,キッショウダラニ,1着:4,0,0,100,-100,0.0
2026-07-12,福島07R,202603020607,福島,ワイド,B,キッショウダラニ－インザライムライト｜キッショウダラニ－ウインディナナコ｜キッショウダラニ－ノーブルクロンヌ,4-12 / 4-10 / 10-12,0,0,300,-300,0.0
2026-07-12,福島07R,202603020607,福島,馬連,B,キッショウダラニ－インザライムライト｜キッショウダラニ－ウインディナナコ,4-12,0,0,200,-200,0.0
2026-07-12,福島07R,202603020607,福島,三連複,B,キッショウダラニ－インザライムライト－ウインディナナコ｜キッショウダラニ－インザライムライト－ノーブルクロンヌ｜キッショウダラニ－ウインディナナコ－ノーブルクロンヌ｜キッショウダラニ－インザライムライト－スイートハイデン｜キッショウダラニ－インザライムライト－フライスカイハイ,4-10-12,0,0,500,-500,0.0
2026-07-12,福島07R,202603020607,福島,三連単,B,キッショウダラニ－インザライムライト－ノーブルクロンヌ,4-12-10,0,0,100,-100,0.0
2026-07-12,福島08R,202603020608,福島,本命,B,ミスターマーボー,1着:12,0,0,100,-100,0.0
2026-07-12,福島08R,202603020608,福島,ワイド,B,ミスターマーボー－アイアンパイク｜ミスターマーボー－デンプシー｜アイアンパイク－デンプシー,6-12 / 9-12 / 6-9,1,260,300,-40,86.7
2026-07-12,福島08R,202603020608,福島,馬連,B,ミスターマーボー－アイアンパイク｜ミスターマーボー－デンプシー,6-12,0,0,200,-200,0.0
2026-07-12,福島08R,202603020608,福島,三連複,B,ミスターマーボー－アイアンパイク－デンプシー｜ミスターマーボー－アイアンパイク－プリティーミズホ｜ミスターマーボー－アイアンパイク－プリティーミズホ｜ミスターマーボー－デンプシー－プリティーミズホ｜ミスターマーボー－アイアンパイク－ラブリーガール,6-9-12,0,0,500,-500,0.0
2026-07-12,福島08R,202603020608,福島,三連単,B,ミスターマーボー－デンプシー－プリティーミズホ,12-6-9,0,0,100,-100,0.0
2026-07-12,福島09R,202603020609,福島,本命,C,サルワールカミーズ,1着:7,0,0,100,-100,0.0
2026-07-12,福島09R,202603020609,福島,ワイド,C,サルワールカミーズ－ロゼフェリシア｜サルワールカミーズ－ユメシルベ｜サルワールカミーズ－ルージュリリック,4-7 / 7-11 / 4-11,0,0,300,-300,0.0
2026-07-12,福島09R,202603020609,福島,馬連,C,サルワールカミーズ－ロゼフェリシア｜サルワールカミーズ－ユメシルベ,4-7,0,0,200,-200,0.0
2026-07-12,福島09R,202603020609,福島,三連複,C,サルワールカミーズ－ロゼフェリシア－ユメシルベ｜サルワールカミーズ－ロゼフェリシア－ルージュリリック｜サルワールカミーズ－ロゼフェリシア－サフランルージュ｜サルワールカミーズ－ロゼフェリシア－ジェルブロア｜サルワールカミーズ－ロゼフェリシア－クイーンズワーフ｜サルワールカミーズ－ロゼフェリシア－ブルスカメンテ,4-7-11,0,0,600,-600,0.0
2026-07-12,福島09R,202603020609,福島,三連単,C,サルワールカミーズ－サフランルージュ－ユメシルベ,7-4-11,0,0,100,-100,0.0
2026-07-12,福島10R,202603020610,福島,本命,B,チギリ,1着:11,0,0,100,-100,0.0
2026-07-12,福島10R,202603020610,福島,ワイド,B,チギリ－リフレックス,3-11 / 8-11 / 3-8,0,0,100,-100,0.0
2026-07-12,福島10R,202603020610,福島,馬連,B,チギリ－リフレックス,3-11,0,0,100,-100,0.0
2026-07-12,福島10R,202603020610,福島,三連複,B,チギリ－リフレックス－ドバイブルース｜チギリ－リフレックス－サトミノエンジェル｜チギリ－リフレックス－ハッスルダンク,3-8-11,0,0,300,-300,0.0
2026-07-12,福島10R,202603020610,福島,三連単,B,チギリ－リフレックス－ハッスルダンク,11-3-8,0,0,100,-100,0.0
2026-07-12,福島11R,202603020611,福島,本命,C,コントラポスト,1着:11,0,0,100,-100,0.0
2026-07-12,福島11R,202603020611,福島,ワイド,C,コントラポスト－バトルボーン｜コントラポスト－サヴォーナ｜バトルボーン－サヴォーナ,6-11 / 9-11 / 6-9,0,0,300,-300,0.0
2026-07-12,福島11R,202603020611,福島,馬連,C,コントラポスト－バトルボーン｜バトルボーン－サヴォーナ,6-11,0,0,200,-200,0.0
2026-07-12,福島11R,202603020611,福島,三連複,C,コントラポスト－バトルボーン－サヴォーナ｜コントラポスト－バトルボーン－リカンカブール｜コントラポスト－サヴォーナ－リカンカブール｜コントラポスト－バトルボーン－ヤマニンブークリエ｜コントラポスト－バトルボーン－カラマティアノス｜バトルボーン－サヴォーナ－リカンカブール,6-9-11,0,0,600,-600,0.0
2026-07-12,福島11R,202603020611,福島,三連単,C,コントラポスト－リカンカブール－ヤマニンブークリエ,11-6-9,0,0,100,-100,0.0
2026-07-12,福島12R,202603020612,福島,本命,C,ホーリーブライト,1着:15,0,0,100,-100,0.0
2026-07-12,福島12R,202603020612,福島,ワイド,C,ホーリーブライト－ローマンレイク｜ホーリーブライト－スーパーバイザー｜ホーリーブライト－サンマルノヴェル,1-15 / 10-15 / 1-10,0,0,300,-300,0.0
2026-07-12,福島12R,202603020612,福島,馬連,C,ホーリーブライト－ローマンレイク｜ホーリーブライト－スーパーバイザー,1-15,0,0,200,-200,0.0
2026-07-12,福島12R,202603020612,福島,三連複,C,ホーリーブライト－ローマンレイク－スーパーバイザー｜ホーリーブライト－ローマンレイク－サンマルノヴェル｜ホーリーブライト－ローマンレイク－サヨノジャンボリー｜ホーリーブライト－スーパーバイザー－サンマルノヴェル｜ホーリーブライト－スーパーバイザー－サヨノジャンボリー｜ホーリーブライト－サンマルノヴェル－サヨノジャンボリー,1-10-15,0,0,600,-600,0.0
2026-07-12,福島12R,202603020612,福島,三連単,C,ホーリーブライト－ローマンレイク－マフィン,15-1-10,0,0,100,-100,0.0
